ts_utc,pm25,pm10,no2,o3,so2,co,aod,dust,uv_index,co2,aqi,aqi_pm25,aqi_pm10,aqi_no2,aqi_o3,aqi_so2,aqi_co,location_key
2025-12-19 00:00:00+00:00,51.0,51.3,15.0,12.0,4.4,593.0,0.75,0.0,0.1,551,131,131,44,7,12,2,7,yenbai_yenbaicity
2025-12-19 00:00:00+00:00,68.9,68.9,21.3,56.0,27.3,502.0,0.33,0.0,0.15,510,115,115,38,10,34,15,5,backan_backancity
2025-12-19 00:00:00+00:00,25.8,28.6,8.7,53.0,3.0,261.0,0.22,0.0,0.4,466,53,53,15,4,29,2,2,baclieu_baclieucity
2025-12-19 00:00:00+00:00,115.7,116.9,53.1,14.0,50.4,991.0,0.32,0.0,0.15,534,156,156,56,26,16,27,8,bacninh_bacninhcity
2025-12-19 00:00:00+00:00,47.4,49.5,40.2,24.0,35.0,423.0,0.33,0.0,0.4,491,94,94,31,20,18,19,3,bentre_bentrecity
2025-12-19 00:00:00+00:00,5.3,6.7,3.2,81.0,2.0,238.0,0.16,0.0,0.35,449,38,29,8,2,38,1,2,binhdinh_quynhon
2025-12-19 00:00:00+00:00,38.2,39.8,46.7,17.0,27.4,370.0,0.26,0.0,0.45,468,91,91,30,23,8,15,3,binhduong_thudaumot
2025-12-19 00:00:00+00:00,5.0,5.2,4.3,56.0,2.5,201.0,0.11,0.0,0.45,453,25,25,6,2,25,1,2,binhphuoc_dongxoai
2025-12-19 00:00:00+00:00,22.5,23.2,14.7,40.0,11.7,341.0,0.16,0.0,0.4,462,111,111,38,7,8,6,5,angiang_longxuyen
2025-12-19 00:00:00+00:00,12.1,13.6,8.9,49.0,2.8,447.0,0.13,0.0,0.55,527,42,42,12,4,23,2,3,binhthuan_phanthiet
2025-12-19 00:00:00+00:00,50.1,50.2,18.1,49.0,15.1,492.0,0.39,0.0,0.15,479,88,88,27,9,29,8,4,caobang_caobangcity
2025-12-19 00:00:00+00:00,4.4,4.6,4.6,72.0,4.0,255.0,0.12,0.0,0.35,452,32,23,6,2,32,2,2,daklak_buonmathuot
2025-12-19 00:00:00+00:00,4.2,4.5,3.5,64.0,1.9,195.0,0.11,0.0,0.4,448,28,19,5,2,28,1,2,daknong_gianghia
2025-12-19 00:00:00+00:00,19.6,20.0,3.5,41.0,1.2,377.0,0.2,1.0,0.05,507,56,56,14,2,13,1,4,dienbien_dienbienphu
2025-12-19 00:00:00+00:00,22.5,23.2,14.7,40.0,11.7,292.0,0.16,0.0,0.4,460,111,111,38,7,8,6,3,dongthap_caolanh
2025-12-19 00:00:00+00:00,5.0,5.0,6.7,52.0,4.3,212.0,0.09,0.0,0.45,448,26,24,6,3,26,2,2,gialai_pleiku
2025-12-19 00:00:00+00:00,39.3,39.6,6.4,94.0,12.7,450.0,0.46,0.0,0.05,470,84,84,26,3,36,7,4,hagiang_hagiangcity
2025-12-19 00:00:00+00:00,29.7,31.8,11.1,48.0,8.9,295.0,0.24,0.0,0.4,477,61,61,17,5,23,5,2,camau_camaucity
2025-12-19 00:00:00+00:00,117.1,119.7,47.0,33.0,51.2,1011.0,0.25,0.0,0.2,514,142,142,48,23,28,28,8,haiduong_haiduongcity
2025-12-19 00:00:00+00:00,15.3,17.5,13.6,57.0,8.4,393.0,0.18,0.0,0.5,486,51,51,14,7,29,5,2,vungtau_baria
2025-12-19 00:00:00+00:00,27.9,31.0,12.1,67.0,10.3,732.0,0.33,1.0,0.1,506,75,75,25,6,26,6,5,hue_huecity
2025-12-19 00:00:00+00:00,115.7,116.9,53.1,14.0,50.4,1568.0,0.32,0.0,0.15,503,156,156,56,26,16,27,9,hanoi_hoankiem
2025-12-19 00:00:00+00:00,119.0,119.2,57.4,12.0,71.7,1905.0,0.45,0.0,0.15,497,161,161,61,28,12,39,9,hanoi_caugiay
2025-12-19 00:00:00+00:00,115.7,116.9,53.1,14.0,50.4,1905.0,0.32,0.0,0.15,497,156,156,56,26,16,27,9,hanoi_dongda
2025-12-19 00:00:00+00:00,115.7,116.9,53.1,14.0,50.4,1905.0,0.32,0.0,0.15,497,156,156,56,26,16,27,9,hanoi_badinh
2025-12-19 00:00:00+00:00,38.2,39.8,46.7,17.0,27.4,832.0,0.26,0.0,0.45,475,91,91,30,23,8,15,8,hochiminhcity_district1
2025-12-19 00:00:00+00:00,38.2,39.8,46.7,17.0,27.4,781.0,0.26,0.0,0.45,477,91,91,30,23,8,15,10,hochiminhcity_district3
2025-12-19 00:00:00+00:00,38.2,39.8,46.7,17.0,27.4,1213.0,0.26,0.0,0.45,490,91,91,30,23,8,15,9,hochiminhcity_district7
2025-12-19 00:00:00+00:00,4.4,4.6,4.4,58.0,2.0,348.0,0.14,0.0,0.4,465,28,28,8,2,27,1,3,nhatrang_khanhhoa
2025-12-19 00:00:00+00:00,38.2,39.8,46.7,17.0,27.4,781.0,0.26,0.0,0.45,477,91,91,30,23,8,15,10,hochiminhcity_binhthanh
2025-12-19 00:00:00+00:00,18.7,23.7,5.8,104.0,5.0,419.0,0.26,0.0,0.15,450,61,61,21,3,50,3,3,danang_haichau
2025-12-19 00:00:00+00:00,18.7,23.7,5.8,104.0,5.0,419.0,0.26,0.0,0.15,450,61,61,21,3,50,3,3,danang_sontra
2025-12-19 00:00:00+00:00,18.7,23.7,5.8,104.0,5.0,288.0,0.26,0.0,0.15,447,61,61,21,3,50,3,2,danang_nguhanhson
2025-12-19 00:00:00+00:00,70.3,71.5,29.7,23.0,16.6,642.0,0.28,0.0,0.4,479,150,150,51,15,9,9,4,cantho_ninhkieu
2025-12-19 00:00:00+00:00,70.3,71.5,29.7,23.0,16.6,598.0,0.28,0.0,0.4,480,150,150,51,15,9,9,4,cantho_cairang
2025-12-19 00:00:00+00:00,55.4,55.5,21.3,72.0,26.0,628.0,0.19,0.0,0.2,482,95,95,30,10,34,14,6,haiphong_hongbang
2025-12-19 00:00:00+00:00,38.2,39.8,46.7,17.0,27.4,367.0,0.26,0.0,0.45,472,91,91,30,23,8,15,7,bienhoa_dongnai
2025-12-19 00:00:00+00:00,38.2,39.8,46.7,17.0,27.4,832.0,0.26,0.0,0.45,475,91,91,30,23,8,15,8,hochiminhcity_tanbinh
2025-12-19 00:00:00+00:00,148.1,148.5,43.1,8.0,34.9,801.0,0.27,0.0,0.15,528,153,153,54,21,18,19,7,hanam_phuly
2025-12-19 00:00:00+00:00,115.7,116.9,53.1,14.0,50.4,676.0,0.32,0.0,0.15,533,156,156,56,26,16,27,7,bacgiang_bacgiangcity
2025-12-19 00:00:00+00:00,60.1,61.7,21.3,28.0,7.0,520.0,0.3,0.0,0.35,483,89,89,29,10,16,4,4,haugiang_vithanh
2025-12-19 00:00:00+00:00,26.3,27.7,6.5,112.0,11.8,418.0,0.19,0.0,0.2,469,81,81,25,3,61,6,4,quangninh_halong
2025-12-19 00:00:00+00:00,42.6,42.7,14.3,84.0,25.6,454.0,0.2,0.0,0.2,473,97,97,31,7,32,14,5,quangninh_mongcai
2025-12-19 00:00:00+00:00,22.9,27.0,6.5,94.0,8.7,449.0,0.43,0.0,0.1,475,67,67,22,3,41,5,4,quangtri_dongha
2025-12-19 00:00:00+00:00,36.0,38.4,16.2,39.0,5.5,303.0,0.25,0.0,0.4,471,66,66,20,8,24,3,2,soctrang_soctrangcity
2025-12-19 00:00:00+00:00,36.0,36.2,9.1,31.0,3.8,324.0,0.27,0.0,0.1,473,71,71,20,4,20,2,3,sonla_sonlacity
2025-12-19 00:00:00+00:00,7.1,7.4,5.8,55.0,4.5,269.0,0.12,0.0,0.4,463,43,43,10,3,24,2,2,tayninh_tayninhcity
2025-12-19 00:00:00+00:00,117.3,117.6,38.4,34.0,37.1,910.0,0.26,0.0,0.2,499,127,127,43,19,30,20,7,thaibinh_thaibinhcity
2025-12-19 00:00:00+00:00,88.2,88.2,32.4,30.0,29.3,866.0,0.29,0.0,0.15,518,148,148,50,16,21,16,9,thainguyen_thainguyencity
2025-12-19 00:00:00+00:00,88.2,88.2,32.4,30.0,29.3,779.0,0.29,0.0,0.15,505,148,148,50,16,21,16,9,thainguyen_songcong
2025-12-19 00:00:00+00:00,71.0,71.5,20.1,16.0,12.8,809.0,0.27,0.0,0.15,514,133,133,45,10,16,7,7,thanhhoa_thanhhoacity
2025-12-19 00:00:00+00:00,54.1,56.9,19.0,72.0,17.9,706.0,0.25,0.0,0.2,500,100,100,35,9,46,10,6,thanhhoa_samson
2025-12-19 00:00:00+00:00,27.9,31.0,12.1,67.0,10.3,732.0,0.33,1.0,0.1,506,75,75,25,6,26,6,5,thuathienhue_huecity
2025-12-19 00:00:00+00:00,47.4,49.5,40.2,24.0,35.0,399.0,0.33,0.0,0.4,475,94,94,31,20,18,19,4,tiengiang_mytho
2025-12-19 00:00:00+00:00,34.5,36.3,21.5,32.0,10.8,344.0,0.29,0.0,0.4,475,64,64,19,11,24,6,2,travinh_travinhcity
2025-12-19 00:00:00+00:00,72.4,72.6,24.9,26.0,14.1,659.0,0.58,0.0,0.1,541,124,124,41,12,20,8,7,tuyenquang_tuyenquangcity
2025-12-19 00:00:00+00:00,32.7,34.0,22.4,34.0,22.0,380.0,0.22,0.0,0.4,475,117,117,40,11,9,12,3,vinhlong_vinhlongcity
2025-12-19 00:00:00+00:00,48.0,49.5,9.0,68.0,10.6,574.0,0.3,1.0,0.2,492,108,108,38,4,33,6,6,hatinh_hatinhcity
2025-12-19 00:00:00+00:00,12.8,15.2,8.3,67.0,3.6,338.0,0.18,0.0,0.15,479,50,50,14,4,34,2,3,quangngai_quangngaicity
2025-12-19 00:00:00+00:00,18.7,23.7,5.8,104.0,5.0,289.0,0.26,0.0,0.15,450,61,61,21,3,50,3,3,quangnam_hoian
2025-12-19 00:00:00+00:00,119.0,119.2,57.4,12.0,71.7,887.0,0.45,0.0,0.15,503,161,161,61,28,12,39,8,vinhphuc_vinhyen
2025-12-19 00:00:00+00:00,26.3,26.7,14.9,44.0,5.2,334.0,0.23,1.0,0.1,471,63,63,17,7,17,3,3,laichau_laichaucity
2025-12-19 00:00:00+00:00,63.6,63.6,15.5,16.0,7.2,543.0,0.33,0.0,0.15,539,133,133,45,8,21,4,5,hoabinh_hoabinhcity
2025-12-19 00:00:00+00:00,148.5,151.8,60.5,14.0,65.6,1233.0,0.31,0.0,0.15,514,156,156,56,30,19,36,9,hungyen_hungyencity
2025-12-19 00:00:00+00:00,4.4,4.6,4.4,58.0,2.0,348.0,0.14,0.0,0.4,465,28,28,8,2,27,1,3,khanhhoa_nhatrang
2025-12-19 00:00:00+00:00,38.9,39.3,19.0,32.0,13.3,301.0,0.19,0.0,0.4,465,112,112,37,9,10,7,4,kiengiang_rachgia
2025-12-19 00:00:00+00:00,3.7,3.7,4.8,49.0,1.4,357.0,0.08,0.0,0.4,469,25,25,6,2,24,1,2,kontum_kontumcity
2025-12-19 00:00:00+00:00,18.6,20.3,10.5,45.0,3.4,293.0,0.19,0.0,0.1,491,62,62,19,5,21,2,3,quangnam_tamky
2025-12-19 00:00:00+00:00,3.1,3.2,4.4,54.0,1.1,211.0,0.1,0.0,0.4,446,24,18,4,2,24,1,2,lamdong_dalat
2025-12-19 00:00:00+00:00,47.4,47.6,27.0,17.0,8.0,393.0,0.56,0.0,0.05,488,85,85,26,13,13,4,4,laocai_laocaicity
2025-12-19 00:00:00+00:00,50.1,50.1,26.8,28.0,20.3,506.0,0.17,0.0,0.15,492,98,98,32,13,14,11,4,langson_langsoncity
2025-12-19 00:00:00+00:00,148.1,148.5,43.1,8.0,34.9,1075.0,0.27,0.0,0.15,514,153,153,54,21,18,19,9,namdinh_namdinhcity
2025-12-19 00:00:00+00:00,60.3,61.0,17.5,47.0,12.9,681.0,0.31,1.0,0.2,509,138,138,47,9,24,7,6,nghean_vinh
2025-12-19 00:00:00+00:00,148.1,148.5,43.1,8.0,34.9,1243.0,0.27,0.0,0.15,561,153,153,54,21,18,19,10,ninhbinh_ninhbinhcity
2025-12-19 00:00:00+00:00,5.5,5.6,5.7,54.0,2.8,287.0,0.11,0.0,0.55,467,27,23,6,3,27,2,3,ninhthuan_phanrang
2025-12-19 00:00:00+00:00,116.2,116.2,39.7,16.0,40.9,803.0,0.63,0.0,0.1,535,155,155,55,20,18,22,8,phutho_viettri
2025-12-19 00:00:00+00:00,4.8,5.9,3.7,80.0,1.7,207.0,0.16,0.0,0.35,450,38,30,8,2,38,1,2,phuyen_tuyhoa
2025-12-19 00:00:00+00:00,29.5,31.5,3.4,102.0,7.5,492.0,0.33,1.0,0.2,493,70,70,23,2,48,4,4,quangbinh_donghoi
2025-12-19 00:00:00+00:00,47.4,49.5,40.2,24.0,35.0,379.0,0.33,0.0,0.4,467,94,94,31,20,18,19,4,longan_tanan
2025-12-19 01:00:00+00:00,35.6,36.6,45.5,31.0,28.2,355.0,0.24,0.0,1.9,464,91,91,30,22,7,15,3,binhduong_thudaumot
2025-12-19 01:00:00+00:00,4.4,4.7,3.5,64.0,2.5,197.0,0.11,0.0,1.9,450,25,25,6,2,25,1,2,binhphuoc_dongxoai
2025-12-19 01:00:00+00:00,5.4,6.9,2.9,83.0,1.9,228.0,0.17,0.0,1.35,447,38,29,8,1,38,1,2,binhdinh_quynhon
2025-12-19 01:00:00+00:00,143.9,144.4,40.1,38.0,45.9,767.0,0.29,0.0,0.95,511,155,155,55,20,14,25,7,hanam_phuly
2025-12-19 01:00:00+00:00,102.0,102.9,48.4,39.0,54.8,878.0,0.32,0.0,0.85,519,157,157,57,24,14,30,8,bacninh_bacninhcity
2025-12-19 01:00:00+00:00,20.4,23.3,7.7,68.0,5.3,263.0,0.23,0.0,1.85,459,54,54,16,4,28,3,2,baclieu_baclieucity
2025-12-19 01:00:00+00:00,40.4,42.7,38.8,40.0,38.8,408.0,0.3,0.0,1.85,481,94,94,32,19,17,21,3,bentre_bentrecity
2025-12-19 01:00:00+00:00,11.8,13.7,7.0,68.0,3.2,412.0,0.13,0.0,2.2,513,42,42,12,3,23,2,3,binhthuan_phanthiet
2025-12-19 01:00:00+00:00,96.2,97.3,40.6,58.0,49.8,893.0,0.26,0.0,0.95,501,147,147,50,20,25,27,8,haiduong_haiduongcity
2025-12-19 01:00:00+00:00,46.8,46.9,14.3,71.0,18.0,475.0,0.38,0.0,0.75,473,89,89,28,7,28,10,4,caobang_caobangcity
2025-12-19 01:00:00+00:00,4.0,4.2,3.9,74.0,3.5,240.0,0.12,0.0,1.35,449,33,23,6,2,33,2,2,daklak_buonmathuot
2025-12-19 01:00:00+00:00,4.0,4.2,2.9,69.0,1.8,188.0,0.11,0.0,1.85,445,28,19,5,1,28,1,2,daknong_gianghia
2025-12-19 01:00:00+00:00,19.8,20.1,2.6,52.0,1.7,368.0,0.19,1.0,0.6,494,57,57,14,1,13,1,4,dienbien_dienbienphu
2025-12-19 01:00:00+00:00,16.2,16.7,10.7,57.0,11.5,276.0,0.15,0.0,1.85,456,109,109,37,5,9,6,3,dongthap_caolanh
2025-12-19 01:00:00+00:00,4.0,4.0,5.2,62.0,3.9,206.0,0.09,0.0,1.8,446,25,24,6,3,25,2,2,gialai_pleiku
2025-12-19 01:00:00+00:00,31.9,32.1,5.0,97.0,11.2,460.0,0.42,0.0,0.55,465,86,86,27,2,37,6,4,hagiang_hagiangcity
2025-12-19 01:00:00+00:00,67.3,67.3,17.3,79.0,26.9,473.0,0.3,0.0,0.85,495,119,119,39,9,32,15,5,backan_backancity
2025-12-19 01:00:00+00:00,27.5,29.3,9.8,68.0,11.1,297.0,0.24,0.0,1.8,471,62,62,18,5,23,6,3,camau_camaucity
2025-12-19 01:00:00+00:00,16.2,16.7,10.7,57.0,11.5,320.0,0.15,0.0,1.85,458,109,109,37,5,9,6,4,angiang_longxuyen
2025-12-19 01:00:00+00:00,19.1,24.0,5.6,107.0,5.5,386.0,0.27,0.0,0.75,448,62,62,21,3,50,3,3,danang_sontra
2025-12-19 01:00:00+00:00,3.8,3.9,3.6,65.0,2.0,315.0,0.14,0.0,1.75,459,27,27,7,2,27,1,3,nhatrang_khanhhoa
2025-12-19 01:00:00+00:00,102.0,102.9,48.4,39.0,54.8,1483.0,0.32,0.0,0.85,496,157,157,57,24,14,30,10,hanoi_hoankiem
2025-12-19 01:00:00+00:00,117.6,118.0,55.7,28.0,85.2,1854.0,0.46,0.0,0.8,493,162,162,61,27,10,46,10,hanoi_caugiay
2025-12-19 01:00:00+00:00,102.0,102.9,48.4,39.0,54.8,1854.0,0.32,0.0,0.85,493,157,157,57,24,14,30,10,hanoi_dongda
2025-12-19 01:00:00+00:00,102.0,102.9,48.4,39.0,54.8,1854.0,0.32,0.0,0.85,493,157,157,57,24,14,30,10,hanoi_badinh
2025-12-19 01:00:00+00:00,35.6,36.6,45.5,31.0,28.2,891.0,0.24,0.0,1.9,474,91,91,30,22,7,15,8,hochiminhcity_district1
2025-12-19 01:00:00+00:00,35.6,36.6,45.5,31.0,28.2,809.0,0.24,0.0,1.9,475,91,91,30,22,7,15,10,hochiminhcity_district3
2025-12-19 01:00:00+00:00,35.6,36.6,45.5,31.0,28.2,1200.0,0.24,0.0,1.9,486,91,91,30,22,7,15,9,hochiminhcity_district7
2025-12-19 01:00:00+00:00,15.6,17.8,12.3,75.0,9.2,446.0,0.19,0.0,2.05,486,51,51,14,6,28,5,3,vungtau_baria
2025-12-19 01:00:00+00:00,35.6,36.6,45.5,31.0,28.2,809.0,0.24,0.0,1.9,475,91,91,30,22,7,15,10,hochiminhcity_binhthanh
2025-12-19 01:00:00+00:00,19.1,24.0,5.6,107.0,5.5,386.0,0.27,0.0,0.75,448,62,62,21,3,50,3,3,danang_haichau
2025-12-19 01:00:00+00:00,19.1,24.0,5.6,107.0,5.5,294.0,0.27,0.0,0.75,447,62,62,21,3,50,3,2,danang_nguhanhson
2025-12-19 01:00:00+00:00,46.2,47.4,22.7,49.0,18.1,570.0,0.25,0.0,1.8,470,151,151,52,11,8,10,5,cantho_ninhkieu
2025-12-19 01:00:00+00:00,46.2,47.4,22.7,49.0,18.1,537.0,0.25,0.0,1.8,471,151,151,52,11,8,10,4,cantho_cairang
2025-12-19 01:00:00+00:00,44.8,44.8,17.7,88.0,23.3,576.0,0.21,0.0,1.0,475,96,96,31,9,32,13,6,haiphong_hongbang
2025-12-19 01:00:00+00:00,35.6,36.6,45.5,31.0,28.2,357.0,0.24,0.0,1.9,467,91,91,30,22,7,15,7,bienhoa_dongnai
2025-12-19 01:00:00+00:00,26.5,31.7,10.0,81.0,10.4,666.0,0.33,1.0,0.45,494,75,75,25,5,25,6,5,hue_huecity
2025-12-19 01:00:00+00:00,35.6,36.6,45.5,31.0,28.2,891.0,0.24,0.0,1.9,474,91,91,30,22,7,15,8,hochiminhcity_tanbinh
2025-12-19 01:00:00+00:00,42.6,44.0,7.7,88.0,12.8,542.0,0.29,1.0,1.1,484,110,110,38,4,32,7,6,hatinh_hatinhcity
2025-12-19 01:00:00+00:00,102.0,102.9,48.4,39.0,54.8,623.0,0.32,0.0,0.85,516,157,157,57,24,14,30,7,bacgiang_bacgiangcity
2025-12-19 01:00:00+00:00,54.8,54.9,12.3,44.0,13.2,519.0,0.33,0.0,0.85,519,135,135,45,6,18,7,5,hoabinh_hoabinhcity
2025-12-19 01:00:00+00:00,35.5,35.6,11.5,96.0,25.4,424.0,0.22,0.0,1.05,469,98,98,32,6,32,14,4,quangninh_mongcai
2025-12-19 01:00:00+00:00,23.4,27.7,5.4,102.0,9.0,445.0,0.42,0.0,0.4,470,67,67,22,3,41,5,4,quangtri_dongha
2025-12-19 01:00:00+00:00,27.4,30.9,13.9,55.0,8.4,305.0,0.26,0.0,1.7,465,67,67,21,7,22,5,2,soctrang_soctrangcity
2025-12-19 01:00:00+00:00,35.9,36.1,7.4,46.0,4.8,319.0,0.26,0.0,0.6,465,73,73,21,4,19,3,3,sonla_sonlacity
2025-12-19 01:00:00+00:00,6.4,6.8,4.8,64.0,4.3,256.0,0.12,0.0,1.85,460,42,42,10,2,25,2,2,tayninh_tayninhcity
2025-12-19 01:00:00+00:00,95.5,95.7,30.2,63.0,32.8,806.0,0.27,0.0,0.95,489,133,133,45,15,26,18,8,thaibinh_thaibinhcity
2025-12-19 01:00:00+00:00,86.1,86.1,29.8,52.0,34.6,837.0,0.28,0.0,0.85,507,151,151,51,15,19,19,8,thainguyen_thainguyencity
2025-12-19 01:00:00+00:00,23.3,25.1,5.4,115.0,10.6,412.0,0.21,0.0,0.95,467,81,81,24,3,56,6,4,quangninh_halong
2025-12-19 01:00:00+00:00,86.1,86.1,29.8,52.0,34.6,731.0,0.28,0.0,0.85,492,151,151,51,15,19,19,9,thainguyen_songcong
2025-12-19 01:00:00+00:00,51.3,53.9,18.8,84.0,24.1,676.0,0.26,0.0,0.95,492,100,100,35,9,42,13,6,thanhhoa_samson
2025-12-19 01:00:00+00:00,26.5,31.7,10.0,81.0,10.4,666.0,0.33,1.0,0.45,494,75,75,25,5,25,6,5,thuathienhue_huecity
2025-12-19 01:00:00+00:00,40.4,42.7,38.8,40.0,38.8,394.0,0.3,0.0,1.85,469,94,94,32,19,17,21,4,tiengiang_mytho
2025-12-19 01:00:00+00:00,28.6,30.9,21.2,47.0,15.0,353.0,0.32,0.0,1.65,468,66,66,20,10,22,8,2,travinh_travinhcity
2025-12-19 01:00:00+00:00,73.6,73.6,20.1,51.0,23.1,646.0,0.57,0.0,0.7,525,128,128,43,10,18,13,7,tuyenquang_tuyenquangcity
2025-12-19 01:00:00+00:00,25.4,26.0,18.3,54.0,22.9,348.0,0.2,0.0,1.85,466,116,116,40,9,10,12,4,vinhlong_vinhlongcity
2025-12-19 01:00:00+00:00,117.6,118.0,55.7,28.0,85.2,966.0,0.46,0.0,0.8,507,162,162,61,27,10,46,7,vinhphuc_vinhyen
2025-12-19 01:00:00+00:00,65.7,66.1,17.3,46.0,20.0,749.0,0.27,0.0,0.95,502,135,135,46,9,13,11,7,thanhhoa_thanhhoacity
2025-12-19 01:00:00+00:00,12.8,15.0,7.6,74.0,3.8,306.0,0.19,0.0,0.8,469,50,50,14,4,33,2,3,quangngai_quangngaicity
2025-12-19 01:00:00+00:00,51.0,51.2,13.7,35.0,13.7,591.0,0.75,0.0,0.65,530,132,132,44,7,10,7,7,yenbai_yenbaicity
2025-12-19 01:00:00+00:00,44.2,46.2,17.8,51.0,11.0,471.0,0.3,0.0,1.7,473,92,92,31,9,15,6,4,haugiang_vithanh
2025-12-19 01:00:00+00:00,144.8,146.2,57.6,38.0,73.9,1078.0,0.33,0.0,0.9,499,158,158,58,28,16,40,10,hungyen_hungyencity
2025-12-19 01:00:00+00:00,3.8,3.9,3.6,65.0,2.0,315.0,0.14,0.0,1.75,459,27,27,7,2,27,1,3,khanhhoa_nhatrang
2025-12-19 01:00:00+00:00,28.6,29.6,14.1,54.0,13.2,274.0,0.18,0.0,1.8,458,112,112,37,7,10,7,4,kiengiang_rachgia
2025-12-19 01:00:00+00:00,2.9,2.9,3.8,58.0,1.3,327.0,0.08,0.0,1.65,463,24,24,6,2,24,1,2,kontum_kontumcity
2025-12-19 01:00:00+00:00,23.8,24.2,10.7,58.0,5.0,320.0,0.23,1.0,0.65,463,65,65,17,5,18,3,3,laichau_laichaucity
2025-12-19 01:00:00+00:00,19.1,24.0,5.6,107.0,5.5,285.0,0.27,0.0,0.75,449,62,62,21,3,50,3,3,quangnam_hoian
2025-12-19 01:00:00+00:00,48.8,48.9,22.6,58.0,27.9,453.0,0.16,0.0,0.95,480,99,99,32,11,14,15,4,langson_langsoncity
2025-12-19 01:00:00+00:00,43.8,43.9,20.4,36.0,7.6,402.0,0.5,0.0,0.55,479,88,88,27,10,12,4,4,laocai_laocaicity
2025-12-19 01:00:00+00:00,2.6,2.8,3.5,60.0,1.0,200.0,0.1,0.0,1.75,443,25,18,4,2,25,1,2,lamdong_dalat
2025-12-19 01:00:00+00:00,143.9,144.4,40.1,38.0,45.9,937.0,0.29,0.0,0.95,499,155,155,55,20,14,25,9,namdinh_namdinhcity
2025-12-19 01:00:00+00:00,59.4,59.8,15.0,69.0,15.4,629.0,0.3,1.0,1.0,498,140,140,48,7,23,8,6,nghean_vinh
2025-12-19 01:00:00+00:00,143.9,144.4,40.1,38.0,45.9,1089.0,0.29,0.0,0.95,536,155,155,55,20,14,25,10,ninhbinh_ninhbinhcity
2025-12-19 01:00:00+00:00,5.1,5.3,4.5,63.0,2.6,261.0,0.11,0.0,2.2,459,27,23,6,2,27,1,3,ninhthuan_phanrang
2025-12-19 01:00:00+00:00,119.2,119.2,34.2,37.0,47.4,799.0,0.63,0.0,0.65,524,156,156,56,17,16,26,8,phutho_viettri
2025-12-19 01:00:00+00:00,5.2,6.5,3.3,83.0,1.7,204.0,0.18,0.0,1.3,446,38,29,8,2,38,1,2,phuyen_tuyhoa
2025-12-19 01:00:00+00:00,29.5,31.5,3.1,109.0,8.6,474.0,0.31,1.0,1.05,483,72,72,24,2,48,5,4,quangbinh_donghoi
2025-12-19 01:00:00+00:00,16.5,18.0,8.8,59.0,3.2,286.0,0.19,0.0,0.45,480,63,63,19,4,20,2,3,quangnam_tamky
2025-12-19 01:00:00+00:00,40.4,42.7,38.8,40.0,38.8,411.0,0.3,0.0,1.85,463,94,94,32,19,17,21,4,longan_tanan
2025-12-19 02:00:00+00:00,19.7,22.4,6.0,88.0,8.6,256.0,0.25,0.0,4.0,450,55,55,16,3,28,5,2,baclieu_baclieucity
2025-12-19 02:00:00+00:00,76.1,76.1,41.0,76.0,59.7,702.0,0.33,0.0,2.25,495,158,158,58,20,13,33,8,bacninh_bacninhcity
2025-12-19 02:00:00+00:00,37.1,38.6,35.7,65.0,41.5,370.0,0.29,0.0,4.25,465,94,94,32,18,16,23,3,bentre_bentrecity
2025-12-19 02:00:00+00:00,5.6,7.2,2.3,86.0,1.8,209.0,0.17,0.0,2.8,444,38,28,8,1,38,1,2,binhdinh_quynhon
2025-12-19 02:00:00+00:00,32.2,33.3,45.1,51.0,28.6,317.0,0.24,0.0,4.35,460,91,91,30,22,7,16,3,binhduong_thudaumot
2025-12-19 02:00:00+00:00,4.4,4.7,2.4,75.0,2.4,191.0,0.11,0.0,4.4,446,26,25,6,1,26,1,2,binhphuoc_dongxoai
2025-12-19 02:00:00+00:00,10.5,12.9,4.3,94.0,3.7,348.0,0.13,0.0,4.85,491,42,42,12,2,23,2,3,binhthuan_phanthiet
2025-12-19 02:00:00+00:00,60.5,60.8,29.9,95.0,45.4,704.0,0.28,0.0,2.35,482,150,150,51,15,23,25,8,haiduong_haiduongcity
2025-12-19 02:00:00+00:00,36.4,36.6,8.2,102.0,21.5,439.0,0.37,0.0,1.95,467,90,90,28,4,28,12,4,caobang_caobangcity
2025-12-19 02:00:00+00:00,3.5,3.7,2.9,77.0,2.7,213.0,0.13,0.0,2.8,446,33,22,5,1,33,1,2,daklak_buonmathuot
2025-12-19 02:00:00+00:00,3.5,3.7,2.0,75.0,1.7,178.0,0.11,0.0,4.1,442,29,19,5,1,29,1,2,daknong_gianghia
2025-12-19 02:00:00+00:00,19.2,19.6,1.8,64.0,2.4,350.0,0.18,1.0,2.15,475,58,58,15,1,14,1,4,dienbien_dienbienphu
2025-12-19 02:00:00+00:00,14.5,14.8,7.8,77.0,11.9,251.0,0.15,0.0,4.4,453,107,107,36,4,12,6,3,dongthap_caolanh
2025-12-19 02:00:00+00:00,2.5,2.6,3.0,76.0,3.0,197.0,0.09,0.0,4.05,443,26,24,6,1,26,2,2,gialai_pleiku
2025-12-19 02:00:00+00:00,27.1,27.4,3.3,99.0,8.7,463.0,0.34,1.0,1.5,459,87,87,27,2,39,5,4,hagiang_hagiangcity
2025-12-19 02:00:00+00:00,31.0,31.1,11.6,114.0,27.0,427.0,0.29,0.0,2.2,474,123,123,41,6,32,15,5,backan_backancity
2025-12-19 02:00:00+00:00,24.6,26.2,7.8,97.0,13.9,293.0,0.26,0.0,4.0,461,63,63,19,4,23,8,3,camau_camaucity
2025-12-19 02:00:00+00:00,76.1,76.1,41.0,76.0,59.7,553.0,0.33,0.0,2.25,492,158,158,58,20,13,33,7,bacgiang_bacgiangcity
2025-12-19 02:00:00+00:00,76.1,76.1,41.0,76.0,59.7,1271.0,0.33,0.0,2.25,485,158,158,58,20,13,33,11,hanoi_hoankiem
2025-12-19 02:00:00+00:00,15.1,17.0,10.1,100.0,9.7,497.0,0.19,0.0,4.6,481,51,51,14,5,29,5,3,vungtau_baria
2025-12-19 02:00:00+00:00,76.6,77.3,35.5,81.0,60.2,690.0,0.31,0.0,2.35,486,156,156,57,17,12,33,7,hanam_phuly
2025-12-19 02:00:00+00:00,94.5,94.5,52.9,53.0,101.9,1628.0,0.44,0.0,2.1,485,162,162,62,26,10,55,12,hanoi_caugiay
2025-12-19 02:00:00+00:00,76.1,76.1,41.0,76.0,59.7,1628.0,0.33,0.0,2.25,485,158,158,58,20,13,33,12,hanoi_dongda
2025-12-19 02:00:00+00:00,76.1,76.1,41.0,76.0,59.7,1628.0,0.33,0.0,2.25,485,158,158,58,20,13,33,12,hanoi_badinh
2025-12-19 02:00:00+00:00,32.2,33.3,45.1,51.0,28.6,923.0,0.24,0.0,4.35,471,91,91,30,22,7,16,7,hochiminhcity_district1
2025-12-19 02:00:00+00:00,32.2,33.3,45.1,51.0,28.6,881.0,0.24,0.0,4.35,474,91,91,30,22,7,16,9,hochiminhcity_district3
2025-12-19 02:00:00+00:00,32.2,33.3,45.1,51.0,28.6,1136.0,0.24,0.0,4.35,480,91,91,30,22,7,16,10,hochiminhcity_district7
2025-12-19 02:00:00+00:00,32.2,33.3,45.1,51.0,28.6,881.0,0.24,0.0,4.35,474,91,91,30,22,7,16,9,hochiminhcity_binhthanh
2025-12-19 02:00:00+00:00,32.2,33.3,45.1,51.0,28.6,923.0,0.24,0.0,4.35,471,91,91,30,22,7,16,7,hochiminhcity_tanbinh
2025-12-19 02:00:00+00:00,19.7,24.4,5.1,112.0,5.9,316.0,0.27,0.0,1.7,447,62,62,21,3,49,3,3,danang_haichau
2025-12-19 02:00:00+00:00,19.7,24.4,5.1,112.0,5.9,292.0,0.27,0.0,1.7,448,62,62,21,3,49,3,2,danang_nguhanhson
2025-12-19 02:00:00+00:00,32.9,33.6,15.6,83.0,20.6,440.0,0.25,0.0,4.2,459,151,151,52,8,10,11,5,cantho_ninhkieu
2025-12-19 02:00:00+00:00,32.9,33.6,15.6,83.0,20.6,424.0,0.25,0.0,4.2,458,151,151,52,8,10,11,4,cantho_cairang
2025-12-19 02:00:00+00:00,27.6,28.2,12.4,107.0,18.5,491.0,0.23,0.0,2.4,467,96,96,31,6,32,10,6,haiphong_hongbang
2025-12-19 02:00:00+00:00,32.2,33.3,45.1,51.0,28.6,388.0,0.24,0.0,4.35,465,91,91,30,22,7,16,6,bienhoa_dongnai
2025-12-19 02:00:00+00:00,25.0,29.8,7.6,97.0,10.3,527.0,0.33,0.0,1.05,476,75,75,25,4,26,6,5,hue_huecity
2025-12-19 02:00:00+00:00,3.4,3.7,2.5,76.0,1.8,258.0,0.15,0.0,3.75,451,28,27,7,1,28,1,3,nhatrang_khanhhoa
2025-12-19 02:00:00+00:00,14.5,14.8,7.8,77.0,11.9,284.0,0.15,0.0,4.4,453,107,107,36,4,12,6,4,angiang_longxuyen
2025-12-19 02:00:00+00:00,19.7,24.4,5.1,112.0,5.9,316.0,0.27,0.0,1.7,447,62,62,21,3,49,3,3,danang_sontra
2025-12-19 02:00:00+00:00,38.0,39.7,5.8,116.0,15.8,496.0,0.29,1.0,2.7,473,111,111,39,3,33,9,5,hatinh_hatinhcity
2025-12-19 02:00:00+00:00,42.6,43.0,8.2,86.0,22.4,485.0,0.33,1.0,2.25,492,136,136,46,4,17,12,5,hoabinh_hoabinhcity
2025-12-19 02:00:00+00:00,22.1,25.6,4.1,112.0,9.4,428.0,0.42,0.0,0.85,464,67,67,22,2,42,5,4,quangtri_dongha
2025-12-19 02:00:00+00:00,23.0,25.7,10.6,78.0,12.2,296.0,0.29,0.0,3.75,455,69,69,21,5,22,7,2,soctrang_soctrangcity
2025-12-19 02:00:00+00:00,34.6,34.8,5.4,66.0,6.1,303.0,0.25,0.0,2.05,452,75,75,22,3,18,3,3,sonla_sonlacity
2025-12-19 02:00:00+00:00,6.2,6.5,3.2,77.0,4.0,234.0,0.12,0.0,4.4,456,42,42,10,2,26,2,2,tayninh_tayninhcity
2025-12-19 02:00:00+00:00,48.2,48.8,17.9,104.0,25.2,653.0,0.31,0.0,2.3,476,136,136,46,9,23,14,8,thaibinh_thaibinhcity
2025-12-19 02:00:00+00:00,50.8,50.8,26.3,86.0,42.6,778.0,0.27,0.0,2.25,490,152,152,52,13,19,23,8,thainguyen_thainguyencity
2025-12-19 02:00:00+00:00,53.4,54.0,13.6,89.0,29.9,652.0,0.27,1.0,2.4,484,138,138,47,7,12,16,7,thanhhoa_thanhhoacity
2025-12-19 02:00:00+00:00,26.1,27.1,7.7,109.0,24.2,372.0,0.25,0.0,2.5,463,98,98,32,4,33,13,4,quangninh_mongcai
2025-12-19 02:00:00+00:00,44.2,47.0,17.9,103.0,32.3,623.0,0.29,0.0,2.45,481,101,101,35,9,41,18,6,thanhhoa_samson
2025-12-19 02:00:00+00:00,37.1,38.6,35.7,65.0,41.5,398.0,0.29,0.0,4.25,464,94,94,32,18,16,23,4,tiengiang_mytho
2025-12-19 02:00:00+00:00,26.3,28.4,19.3,70.0,19.8,346.0,0.31,0.0,3.65,458,67,67,20,10,21,11,3,travinh_travinhcity
2025-12-19 02:00:00+00:00,58.7,58.9,13.2,86.0,35.5,622.0,0.58,0.0,1.8,502,132,132,44,7,17,19,7,tuyenquang_tuyenquangcity
2025-12-19 02:00:00+00:00,23.3,23.6,15.4,79.0,24.4,306.0,0.2,0.0,4.35,455,115,115,39,8,12,13,4,vinhlong_vinhlongcity
2025-12-19 02:00:00+00:00,94.5,94.5,52.9,53.0,101.9,1038.0,0.44,0.0,2.1,510,162,162,62,26,10,55,7,vinhphuc_vinhyen
2025-12-19 02:00:00+00:00,43.0,43.3,12.1,68.0,27.0,601.0,0.79,1.0,1.65,498,133,133,44,6,10,15,6,yenbai_yenbaicity
2025-12-19 02:00:00+00:00,31.1,32.4,12.9,83.0,16.2,379.0,0.32,0.0,3.75,461,94,94,32,6,16,9,4,haugiang_vithanh
2025-12-19 02:00:00+00:00,25.0,29.8,7.6,97.0,10.3,527.0,0.33,0.0,1.05,476,75,75,25,4,26,6,5,thuathienhue_huecity
2025-12-19 02:00:00+00:00,20.9,23.2,4.0,119.0,8.9,401.0,0.25,0.0,2.4,465,80,80,24,2,53,5,4,quangninh_halong
2025-12-19 02:00:00+00:00,50.8,50.8,26.3,86.0,42.6,674.0,0.27,0.0,2.25,477,152,152,52,13,19,23,8,thainguyen_songcong
2025-12-19 02:00:00+00:00,19.7,24.4,5.1,112.0,5.9,276.0,0.27,0.0,1.7,448,62,62,21,3,49,3,3,quangnam_hoian
2025-12-19 02:00:00+00:00,13.1,15.8,6.2,86.0,3.9,252.0,0.2,0.0,1.9,455,50,50,14,3,33,2,3,quangngai_quangngaicity
2025-12-19 02:00:00+00:00,3.4,3.7,2.5,76.0,1.8,258.0,0.15,0.0,3.75,451,28,27,7,1,28,1,3,khanhhoa_nhatrang
2025-12-19 02:00:00+00:00,20.0,20.7,9.0,82.0,13.2,259.0,0.17,0.0,4.35,453,111,111,37,4,11,7,4,kiengiang_rachgia
2025-12-19 02:00:00+00:00,2.0,2.0,2.2,72.0,0.9,267.0,0.08,0.0,3.6,453,24,24,6,1,24,0,3,kontum_kontumcity
2025-12-19 02:00:00+00:00,18.3,18.7,6.7,77.0,5.1,290.0,0.21,1.0,1.95,451,66,66,18,3,19,3,3,laichau_laichaucity
2025-12-19 02:00:00+00:00,2.4,2.8,2.1,69.0,0.8,175.0,0.1,0.0,4.25,440,25,17,4,1,25,0,2,lamdong_dalat
2025-12-19 02:00:00+00:00,24.0,24.0,15.9,99.0,37.7,364.0,0.16,0.0,2.45,462,101,101,33,8,15,21,4,langson_langsoncity
2025-12-19 02:00:00+00:00,29.5,29.7,12.1,64.0,7.8,409.0,0.4,1.0,1.6,467,91,91,28,6,12,4,4,laocai_laocaicity
2025-12-19 02:00:00+00:00,37.1,38.6,35.7,65.0,41.5,464.0,0.29,0.0,4.25,462,94,94,32,18,16,23,4,longan_tanan
2025-12-19 02:00:00+00:00,95.0,95.5,51.5,74.0,82.2,834.0,0.33,0.0,2.3,480,159,159,59,25,15,45,10,hungyen_hungyencity
2025-12-19 02:00:00+00:00,53.7,54.4,11.6,100.0,18.8,544.0,0.29,1.0,2.6,482,142,142,49,6,23,10,6,nghean_vinh
2025-12-19 02:00:00+00:00,76.6,77.3,35.5,81.0,60.2,830.0,0.31,0.0,2.35,498,156,156,57,17,12,33,10,ninhbinh_ninhbinhcity
2025-12-19 02:00:00+00:00,3.7,4.3,2.6,75.0,2.3,220.0,0.11,0.0,4.7,450,27,23,6,1,27,1,3,ninhthuan_phanrang
2025-12-19 02:00:00+00:00,91.7,91.7,26.2,69.0,57.9,790.0,0.63,0.0,1.8,505,158,158,58,13,15,32,8,phutho_viettri
2025-12-19 02:00:00+00:00,5.7,7.1,2.7,86.0,1.7,199.0,0.18,0.0,2.85,441,38,28,8,1,38,1,2,phuyen_tuyhoa
2025-12-19 02:00:00+00:00,26.8,28.8,2.5,119.0,9.9,437.0,0.29,1.0,2.55,468,73,73,24,1,48,5,4,quangbinh_donghoi
2025-12-19 02:00:00+00:00,12.0,13.4,6.0,78.0,2.9,270.0,0.19,0.0,1.05,465,63,63,19,3,21,2,3,quangnam_tamky
2025-12-19 02:00:00+00:00,76.6,77.3,35.5,81.0,60.2,738.0,0.31,0.0,2.35,481,156,156,57,17,12,33,9,namdinh_namdinhcity
2025-12-19 03:00:00+00:00,62.2,62.2,33.7,110.0,60.8,496.0,0.35,0.0,3.85,473,159,159,59,17,15,33,6,bacgiang_bacgiangcity
2025-12-19 03:00:00+00:00,19.8,20.0,7.1,141.0,26.6,390.0,0.27,0.0,3.85,458,124,124,41,3,34,15,5,backan_backancity
2025-12-19 03:00:00+00:00,19.8,22.1,4.4,105.0,10.4,250.0,0.25,0.0,6.45,443,56,56,16,2,29,6,2,baclieu_baclieucity
2025-12-19 03:00:00+00:00,62.2,62.2,33.7,110.0,60.8,564.0,0.35,0.0,3.85,476,159,159,59,17,15,33,8,bacninh_bacninhcity
2025-12-19 03:00:00+00:00,33.9,34.6,31.1,91.0,41.3,335.0,0.31,0.0,6.85,453,95,95,32,15,17,23,3,bentre_bentrecity
2025-12-19 03:00:00+00:00,5.8,7.5,1.8,89.0,1.7,193.0,0.17,0.0,4.9,442,38,28,8,1,38,1,2,binhdinh_quynhon
2025-12-19 03:00:00+00:00,29.4,30.5,43.5,69.0,27.9,286.0,0.25,0.0,6.95,456,91,91,30,21,9,15,3,binhduong_thudaumot
2025-12-19 03:00:00+00:00,4.5,4.7,1.5,83.0,2.3,186.0,0.11,0.0,7.25,444,27,24,6,1,27,1,2,binhphuoc_dongxoai
2025-12-19 03:00:00+00:00,18.0,18.5,1.1,74.0,2.8,329.0,0.16,1.0,4.1,460,59,59,15,1,16,2,4,dienbien_dienbienphu
2025-12-19 03:00:00+00:00,23.3,24.2,5.9,119.0,15.3,284.0,0.27,0.0,6.3,453,65,65,19,3,26,8,3,camau_camaucity
2025-12-19 03:00:00+00:00,29.8,30.0,3.6,126.0,23.3,404.0,0.36,0.0,3.2,461,91,91,29,2,30,13,4,caobang_caobangcity
2025-12-19 03:00:00+00:00,3.4,3.6,2.0,79.0,2.1,193.0,0.13,0.0,3.55,443,33,22,5,1,33,1,2,daklak_buonmathuot
2025-12-19 03:00:00+00:00,13.8,14.1,5.6,94.0,11.7,231.0,0.16,0.0,7.25,450,106,106,35,3,16,6,3,dongthap_caolanh
2025-12-19 03:00:00+00:00,2.1,2.2,1.3,86.0,2.3,188.0,0.09,0.0,6.45,441,27,23,5,1,27,1,2,gialai_pleiku
2025-12-19 03:00:00+00:00,24.4,24.6,1.9,100.0,6.5,458.0,0.31,1.0,2.3,454,87,87,27,1,40,4,4,hagiang_hagiangcity
2025-12-19 03:00:00+00:00,40.0,40.7,20.7,124.0,39.7,551.0,0.32,0.0,3.8,467,150,150,51,10,24,22,8,haiduong_haiduongcity
2025-12-19 03:00:00+00:00,10.3,13.0,2.2,113.0,3.9,291.0,0.13,0.0,7.7,472,43,43,12,1,25,2,4,binhthuan_phanthiet
2025-12-19 03:00:00+00:00,13.8,14.1,5.6,94.0,11.7,257.0,0.16,0.0,7.25,449,106,106,35,3,16,6,3,angiang_longxuyen
2025-12-19 03:00:00+00:00,43.5,44.5,30.7,115.0,68.4,622.0,0.33,0.0,3.75,467,157,157,57,15,14,37,7,hanam_phuly
2025-12-19 03:00:00+00:00,3.9,4.6,1.6,84.0,1.7,213.0,0.15,0.0,5.15,445,29,26,7,1,29,1,3,nhatrang_khanhhoa
2025-12-19 03:00:00+00:00,62.2,62.2,33.7,110.0,60.8,1064.0,0.35,0.0,3.85,475,159,159,59,17,15,33,11,hanoi_hoankiem
2025-12-19 03:00:00+00:00,79.4,79.9,48.1,80.0,109.8,1390.0,0.46,0.0,3.6,477,163,163,63,24,11,59,13,hanoi_caugiay
2025-12-19 03:00:00+00:00,62.2,62.2,33.7,110.0,60.8,1390.0,0.35,0.0,3.85,477,159,159,59,17,15,33,13,hanoi_dongda
2025-12-19 03:00:00+00:00,62.2,62.2,33.7,110.0,60.8,1390.0,0.35,0.0,3.85,477,159,159,59,17,15,33,13,hanoi_badinh
2025-12-19 03:00:00+00:00,29.4,30.5,43.5,69.0,27.9,927.0,0.25,0.0,6.95,469,91,91,30,21,9,15,7,hochiminhcity_district1
2025-12-19 03:00:00+00:00,29.4,30.5,43.5,69.0,27.9,935.0,0.25,0.0,6.95,472,91,91,30,21,9,15,9,hochiminhcity_district3
2025-12-19 03:00:00+00:00,29.4,30.5,43.5,69.0,27.9,1048.0,0.25,0.0,6.95,474,91,91,30,21,9,15,10,hochiminhcity_district7
2025-12-19 03:00:00+00:00,29.4,30.5,43.5,69.0,27.9,935.0,0.25,0.0,6.95,472,91,91,30,21,9,15,9,hochiminhcity_binhthanh
2025-12-19 03:00:00+00:00,29.4,30.5,43.5,69.0,27.9,927.0,0.25,0.0,6.95,469,91,91,30,21,9,15,7,hochiminhcity_tanbinh
2025-12-19 03:00:00+00:00,20.3,25.1,4.6,118.0,6.3,268.0,0.28,0.0,2.65,447,62,62,21,2,49,3,3,danang_haichau
2025-12-19 03:00:00+00:00,20.3,25.1,4.6,118.0,6.3,268.0,0.28,0.0,2.65,447,62,62,21,2,49,3,3,danang_sontra
2025-12-19 03:00:00+00:00,20.3,25.1,4.6,118.0,6.3,294.0,0.28,0.0,2.65,449,62,62,21,2,49,3,2,danang_nguhanhson
2025-12-19 03:00:00+00:00,28.3,28.8,10.0,112.0,22.0,342.0,0.27,0.0,6.9,450,151,151,52,5,13,12,5,cantho_ninhkieu
2025-12-19 03:00:00+00:00,28.3,28.8,10.0,112.0,22.0,339.0,0.27,0.0,6.9,448,151,151,52,5,13,12,4,cantho_cairang
2025-12-19 03:00:00+00:00,21.6,22.9,8.4,120.0,14.3,422.0,0.27,0.0,3.55,460,95,95,30,4,33,8,6,haiphong_hongbang
2025-12-19 03:00:00+00:00,29.4,30.5,43.5,69.0,27.9,421.0,0.25,0.0,6.95,463,91,91,30,21,9,15,5,bienhoa_dongnai
2025-12-19 03:00:00+00:00,22.1,25.6,5.7,109.0,9.9,417.0,0.34,0.0,1.55,462,75,75,26,3,28,5,5,hue_huecity
2025-12-19 03:00:00+00:00,14.7,16.2,8.2,120.0,9.5,520.0,0.19,0.0,7.35,477,52,52,14,4,31,5,3,vungtau_baria
2025-12-19 03:00:00+00:00,34.1,35.9,4.3,139.0,17.7,458.0,0.29,1.0,4.6,464,112,112,39,2,36,10,5,hatinh_hatinhcity
2025-12-19 03:00:00+00:00,3.4,3.6,1.3,80.0,1.5,169.0,0.11,0.0,6.8,439,30,19,5,1,30,1,2,daknong_gianghia
2025-12-19 03:00:00+00:00,40.2,40.6,5.0,119.0,28.3,454.0,0.33,1.0,3.95,470,136,136,46,2,19,15,5,hoabinh_hoabinhcity
2025-12-19 03:00:00+00:00,26.3,27.6,4.7,118.0,22.2,331.0,0.27,0.0,3.9,458,98,98,32,2,36,12,4,quangninh_mongcai
2025-12-19 03:00:00+00:00,22.1,26.0,3.0,121.0,9.5,412.0,0.4,0.0,1.4,460,68,68,22,1,44,5,4,quangtri_dongha
2025-12-19 03:00:00+00:00,23.7,25.4,7.6,99.0,14.4,283.0,0.27,0.0,6.15,447,69,69,22,4,23,8,2,soctrang_soctrangcity
2025-12-19 03:00:00+00:00,30.2,30.4,3.6,83.0,6.7,287.0,0.21,0.0,4.05,443,77,77,23,2,19,4,3,sonla_sonlacity
2025-12-19 03:00:00+00:00,6.1,6.3,1.9,87.0,3.6,215.0,0.12,0.0,7.2,452,42,42,10,1,27,2,2,tayninh_tayninhcity
2025-12-19 03:00:00+00:00,29.2,30.6,8.2,134.0,18.4,527.0,0.35,0.0,3.3,466,136,136,46,4,25,10,8,thaibinh_thaibinhcity
2025-12-19 03:00:00+00:00,35.7,35.7,22.6,115.0,46.7,712.0,0.27,0.0,3.9,476,152,152,52,11,21,25,8,thainguyen_thainguyencity
2025-12-19 03:00:00+00:00,20.8,23.8,3.0,122.0,7.5,391.0,0.28,0.0,3.55,463,79,79,24,1,53,4,4,quangninh_halong
2025-12-19 03:00:00+00:00,35.7,35.7,22.6,115.0,46.7,622.0,0.27,0.0,3.9,465,152,152,52,11,21,25,8,thainguyen_songcong
2025-12-19 03:00:00+00:00,36.0,39.3,16.3,123.0,37.1,568.0,0.31,0.0,4.1,471,100,100,35,8,40,20,6,thanhhoa_samson
2025-12-19 03:00:00+00:00,22.1,25.6,5.7,109.0,9.9,417.0,0.34,0.0,1.55,462,75,75,26,3,28,5,5,thuathienhue_huecity
2025-12-19 03:00:00+00:00,33.9,34.6,31.1,91.0,41.3,393.0,0.31,0.0,6.85,460,95,95,32,15,17,23,4,tiengiang_mytho
2025-12-19 03:00:00+00:00,26.4,27.4,16.5,94.0,22.0,330.0,0.29,0.0,6.35,449,68,68,21,8,22,12,3,travinh_travinhcity
2025-12-19 03:00:00+00:00,47.1,47.4,7.7,114.0,43.2,596.0,0.6,0.0,3.15,483,135,135,45,4,19,24,6,tuyenquang_tuyenquangcity
2025-12-19 03:00:00+00:00,22.1,22.5,12.5,102.0,24.3,275.0,0.21,0.0,7.1,447,114,114,39,6,15,13,4,vinhlong_vinhlongcity
2025-12-19 03:00:00+00:00,79.4,79.9,48.1,80.0,109.8,1049.0,0.46,0.0,3.6,509,163,163,63,24,11,59,8,vinhphuc_vinhyen
2025-12-19 03:00:00+00:00,36.7,37.5,10.6,124.0,37.2,569.0,0.27,1.0,4.15,470,139,139,47,5,15,20,7,thanhhoa_thanhhoacity
2025-12-19 03:00:00+00:00,12.9,15.4,5.1,95.0,3.9,212.0,0.21,0.0,3.6,444,49,49,14,3,34,2,3,quangngai_quangngaicity
2025-12-19 03:00:00+00:00,53.4,53.8,10.5,97.0,36.9,594.0,0.88,1.0,2.65,473,133,133,45,5,12,20,6,yenbai_yenbaicity
2025-12-19 03:00:00+00:00,10.7,12.1,4.0,93.0,2.6,258.0,0.21,0.0,1.65,453,63,63,19,2,23,1,3,quangnam_tamky
2025-12-19 03:00:00+00:00,65.4,65.7,44.3,105.0,84.5,635.0,0.36,0.0,3.9,465,160,160,60,22,16,46,10,hungyen_hungyencity
2025-12-19 03:00:00+00:00,3.9,4.6,1.6,84.0,1.7,213.0,0.15,0.0,5.15,445,29,26,7,1,29,1,3,khanhhoa_nhatrang
2025-12-19 03:00:00+00:00,17.5,17.8,5.1,104.0,12.9,249.0,0.18,0.0,7.15,449,111,111,37,3,15,7,4,kiengiang_rachgia
2025-12-19 03:00:00+00:00,1.7,1.8,1.1,82.0,0.7,217.0,0.08,0.0,6.1,446,25,23,5,1,25,0,3,kontum_kontumcity
2025-12-19 03:00:00+00:00,14.8,15.2,3.6,91.0,4.9,266.0,0.18,1.0,3.65,442,67,67,19,2,21,3,3,laichau_laichaucity
2025-12-19 03:00:00+00:00,20.3,25.1,4.6,118.0,6.3,272.0,0.28,0.0,2.65,448,62,62,21,2,49,3,3,quangnam_hoian
2025-12-19 03:00:00+00:00,2.5,3.0,1.0,75.0,0.7,157.0,0.11,0.0,6.45,437,26,17,4,0,26,0,2,lamdong_dalat
2025-12-19 03:00:00+00:00,17.9,18.0,10.6,129.0,44.0,295.0,0.16,0.0,4.15,449,100,100,32,5,19,24,4,langson_langsoncity
2025-12-19 03:00:00+00:00,29.0,29.8,8.8,111.0,19.2,306.0,0.32,0.0,6.1,451,95,95,32,4,18,10,4,haugiang_vithanh
2025-12-19 03:00:00+00:00,33.9,34.6,31.1,91.0,41.3,489.0,0.31,0.0,6.85,461,95,95,32,15,17,23,4,longan_tanan
2025-12-19 03:00:00+00:00,43.5,44.5,30.7,115.0,68.4,573.0,0.33,0.0,3.75,466,157,157,57,15,14,37,9,namdinh_namdinhcity
2025-12-19 03:00:00+00:00,42.3,43.3,8.8,126.0,21.1,475.0,0.29,1.0,4.45,469,144,144,50,4,26,12,6,nghean_vinh
2025-12-19 03:00:00+00:00,43.5,44.5,30.7,115.0,68.4,624.0,0.33,0.0,3.75,471,157,157,57,15,14,37,10,ninhbinh_ninhbinhcity
2025-12-19 03:00:00+00:00,3.6,4.5,1.2,85.0,2.0,189.0,0.11,0.0,7.1,443,28,23,6,1,28,1,2,ninhthuan_phanrang
2025-12-19 03:00:00+00:00,74.0,74.3,19.1,100.0,63.8,768.0,0.65,0.0,3.2,489,159,159,59,9,16,35,8,phutho_viettri
2025-12-19 03:00:00+00:00,6.0,7.8,2.1,90.0,1.7,192.0,0.19,0.0,4.95,438,38,28,8,1,38,1,2,phuyen_tuyhoa
2025-12-19 03:00:00+00:00,25.0,26.8,2.0,128.0,10.6,401.0,0.28,1.0,4.0,457,74,74,24,1,49,6,4,quangbinh_donghoi
2025-12-19 03:00:00+00:00,26.3,26.7,5.7,86.0,7.6,406.0,0.33,1.0,2.3,457,92,92,29,3,14,4,4,laocai_laocaicity
2025-12-19 04:00:00+00:00,27.5,27.7,2.0,133.0,21.8,375.0,0.36,0.0,4.1,456,92,92,29,1,34,12,4,caobang_caobangcity
2025-12-19 04:00:00+00:00,3.7,4.0,1.6,81.0,2.0,187.0,0.13,0.0,3.85,442,34,22,5,1,34,1,2,daklak_buonmathuot
2025-12-19 04:00:00+00:00,3.4,3.6,1.0,81.0,1.3,164.0,0.12,0.0,8.5,438,31,19,4,0,31,1,2,daknong_gianghia
2025-12-19 04:00:00+00:00,15.4,16.0,0.7,81.0,2.7,305.0,0.15,1.0,5.7,452,60,60,16,0,19,1,3,dienbien_dienbienphu
2025-12-19 04:00:00+00:00,13.4,13.7,3.9,105.0,10.2,223.0,0.16,0.0,9.3,448,105,105,35,2,20,6,3,dongthap_caolanh
2025-12-19 04:00:00+00:00,2.0,2.1,0.8,88.0,1.8,181.0,0.09,0.0,7.65,440,28,23,5,0,28,1,2,gialai_pleiku
2025-12-19 04:00:00+00:00,21.2,21.5,1.3,100.0,5.1,439.0,0.3,1.0,2.6,453,88,88,27,1,42,3,4,hagiang_hagiangcity
2025-12-19 04:00:00+00:00,1.9,2.0,0.7,85.0,0.6,193.0,0.08,0.0,7.55,443,27,22,5,0,27,0,3,kontum_kontumcity
2025-12-19 04:00:00+00:00,32.4,33.4,25.2,129.0,64.5,581.0,0.33,0.0,4.35,461,157,157,57,12,18,35,7,hanam_phuly
2025-12-19 04:00:00+00:00,32.2,33.9,3.4,153.0,17.6,441.0,0.3,1.0,5.95,462,112,112,39,2,40,10,5,hatinh_hatinhcity
2025-12-19 04:00:00+00:00,28.4,29.1,6.1,128.0,18.2,278.0,0.32,0.0,7.65,446,97,97,32,3,22,10,4,haugiang_vithanh
2025-12-19 04:00:00+00:00,36.6,37.0,3.4,131.0,27.1,429.0,0.34,1.0,5.25,460,137,137,46,2,23,15,5,hoabinh_hoabinhcity
2025-12-19 04:00:00+00:00,44.2,44.9,35.4,128.0,75.7,536.0,0.38,0.0,5.05,459,160,160,60,17,19,41,10,hungyen_hungyencity
2025-12-19 04:00:00+00:00,4.5,5.7,1.2,87.0,1.5,194.0,0.15,0.0,6.75,442,30,26,7,1,30,1,3,khanhhoa_nhatrang
2025-12-19 04:00:00+00:00,17.1,17.5,3.1,117.0,12.0,245.0,0.19,0.0,9.25,447,110,110,36,2,20,7,3,kiengiang_rachgia
2025-12-19 04:00:00+00:00,22.1,22.8,4.4,131.0,13.8,268.0,0.27,0.0,7.75,449,66,66,19,2,30,8,3,camau_camaucity
2025-12-19 04:00:00+00:00,31.2,32.1,14.9,137.0,32.2,480.0,0.35,0.0,4.35,460,150,150,51,7,28,18,8,haiduong_haiduongcity
2025-12-19 04:00:00+00:00,10.2,13.2,1.4,120.0,3.5,252.0,0.14,0.0,9.45,461,43,43,12,1,29,2,4,binhthuan_phanthiet
2025-12-19 04:00:00+00:00,13.9,15.7,6.7,130.0,8.0,496.0,0.19,0.0,9.0,473,52,52,14,3,34,4,4,vungtau_baria
2025-12-19 04:00:00+00:00,25.3,26.0,39.4,86.0,25.1,276.0,0.27,0.0,8.5,453,91,91,30,19,12,14,3,binhduong_thudaumot
2025-12-19 04:00:00+00:00,12.3,12.7,2.0,96.0,4.1,253.0,0.18,1.0,3.6,439,68,68,19,1,24,2,3,laichau_laichaucity
2025-12-19 04:00:00+00:00,21.0,25.8,4.1,125.0,6.5,271.0,0.29,0.0,3.15,449,62,62,21,2,50,4,3,danang_haichau
2025-12-19 04:00:00+00:00,21.0,25.8,4.1,125.0,6.5,271.0,0.29,0.0,3.15,449,62,62,21,2,50,4,3,danang_sontra
2025-12-19 04:00:00+00:00,21.0,25.8,4.1,125.0,6.5,305.0,0.29,0.0,3.15,450,62,62,21,2,50,4,3,danang_nguhanhson
2025-12-19 04:00:00+00:00,28.0,28.5,6.6,132.0,21.1,314.0,0.29,0.0,8.55,446,151,151,52,3,18,12,5,cantho_ninhkieu
2025-12-19 04:00:00+00:00,28.0,28.5,6.6,132.0,21.1,319.0,0.29,0.0,8.55,444,151,151,52,3,18,12,4,cantho_cairang
2025-12-19 04:00:00+00:00,20.4,21.8,7.2,122.0,11.7,389.0,0.29,0.0,3.45,457,95,95,30,4,36,6,5,haiphong_hongbang
2025-12-19 04:00:00+00:00,25.3,26.0,39.4,86.0,25.1,445.0,0.27,0.0,8.5,461,91,91,30,19,12,14,5,bienhoa_dongnai
2025-12-19 04:00:00+00:00,25.6,28.8,4.6,115.0,8.9,377.0,0.33,0.0,2.15,457,76,76,26,2,32,5,5,hue_huecity
2025-12-19 04:00:00+00:00,4.5,5.7,1.2,87.0,1.5,194.0,0.15,0.0,6.75,442,30,26,7,1,30,1,3,nhatrang_khanhhoa
2025-12-19 04:00:00+00:00,13.4,13.7,3.9,105.0,10.2,246.0,0.16,0.0,9.3,447,105,105,35,2,20,6,3,angiang_longxuyen
2025-12-19 04:00:00+00:00,47.1,47.4,26.8,136.0,55.0,466.0,0.37,0.0,5.0,465,159,159,59,13,19,30,6,bacgiang_bacgiangcity
2025-12-19 04:00:00+00:00,19.3,19.5,5.0,153.0,24.8,370.0,0.28,0.0,5.05,453,123,123,41,2,38,14,4,backan_backancity
2025-12-19 04:00:00+00:00,19.2,21.4,3.2,113.0,9.6,247.0,0.26,0.0,7.95,441,56,56,17,2,31,5,2,baclieu_baclieucity
2025-12-19 04:00:00+00:00,47.1,47.4,26.8,136.0,55.0,505.0,0.37,0.0,5.0,468,159,159,59,13,19,30,8,bacninh_bacninhcity
2025-12-19 04:00:00+00:00,33.1,33.8,23.8,121.0,36.1,311.0,0.32,0.0,8.35,448,95,95,32,12,20,20,3,bentre_bentrecity
2025-12-19 04:00:00+00:00,5.8,7.5,1.4,92.0,1.6,183.0,0.16,0.0,7.3,441,39,27,8,1,39,1,2,binhdinh_quynhon
2025-12-19 04:00:00+00:00,4.5,4.7,1.2,87.0,2.1,182.0,0.11,0.0,9.15,443,29,24,6,1,29,1,2,binhphuoc_dongxoai
2025-12-19 04:00:00+00:00,2.7,3.2,0.7,77.0,0.7,150.0,0.11,0.0,7.7,436,27,17,4,0,27,0,2,lamdong_dalat
2025-12-19 04:00:00+00:00,21.0,25.8,4.1,125.0,6.5,279.0,0.29,0.0,3.15,449,62,62,21,2,50,4,3,quangnam_hoian
2025-12-19 04:00:00+00:00,21.2,21.6,2.9,97.0,6.3,384.0,0.29,1.0,3.15,452,92,92,29,1,17,3,4,laocai_laocaicity
2025-12-19 04:00:00+00:00,33.5,37.3,13.2,142.0,35.5,514.0,0.32,0.0,5.35,466,100,100,35,7,41,19,6,thanhhoa_samson
2025-12-19 04:00:00+00:00,25.6,28.8,4.6,115.0,8.9,377.0,0.33,0.0,2.15,457,76,76,26,2,32,5,5,thuathienhue_huecity
2025-12-19 04:00:00+00:00,33.1,33.8,23.8,121.0,36.1,368.0,0.32,0.0,8.35,455,95,95,32,12,20,20,4,tiengiang_mytho
2025-12-19 04:00:00+00:00,25.3,26.3,12.5,118.0,19.6,302.0,0.29,0.0,7.8,445,69,69,21,6,24,11,3,travinh_travinhcity
2025-12-19 04:00:00+00:00,45.5,45.8,5.0,128.0,41.9,572.0,0.65,0.0,3.65,473,137,137,46,2,23,23,6,tuyenquang_tuyenquangcity
2025-12-19 04:00:00+00:00,21.1,21.5,8.9,120.0,20.9,267.0,0.22,0.0,9.0,443,114,114,39,4,20,11,3,vinhlong_vinhlongcity
2025-12-19 04:00:00+00:00,14.4,14.6,8.3,137.0,43.6,268.0,0.17,0.0,5.4,445,99,99,32,4,25,24,4,langson_langsoncity
2025-12-19 04:00:00+00:00,56.6,56.9,8.9,114.0,40.1,546.0,0.89,1.0,1.85,462,135,135,45,4,16,22,6,yenbai_yenbaicity
2025-12-19 04:00:00+00:00,50.5,51.3,25.8,137.0,50.7,890.0,0.46,0.0,4.85,469,160,160,60,13,20,28,12,hanoi_hoankiem
2025-12-19 04:00:00+00:00,63.6,64.3,38.8,111.0,92.3,1170.0,0.53,0.0,4.75,472,165,165,65,19,14,50,13,hanoi_caugiay
2025-12-19 04:00:00+00:00,50.5,51.3,25.8,137.0,50.7,1170.0,0.46,0.0,4.85,472,160,160,60,13,20,28,13,hanoi_dongda
2025-12-19 04:00:00+00:00,50.5,51.3,25.8,137.0,50.7,1170.0,0.46,0.0,4.85,472,160,160,60,13,20,28,13,hanoi_badinh
2025-12-19 04:00:00+00:00,21.3,22.0,39.8,92.0,24.4,891.0,0.25,0.0,7.85,466,92,92,30,20,13,13,7,hochiminhcity_district1
2025-12-19 04:00:00+00:00,21.3,22.0,39.8,92.0,24.4,952.0,0.25,0.0,7.85,470,92,92,30,20,13,13,9,hochiminhcity_district3
2025-12-19 04:00:00+00:00,21.3,22.0,39.8,92.0,24.4,925.0,0.25,0.0,7.85,468,92,92,30,20,13,13,10,hochiminhcity_district7
2025-12-19 04:00:00+00:00,21.3,22.0,39.8,92.0,24.4,952.0,0.25,0.0,7.85,470,92,92,30,20,13,13,9,hochiminhcity_binhthanh
2025-12-19 04:00:00+00:00,21.3,22.0,39.8,92.0,24.4,891.0,0.25,0.0,7.85,466,92,92,30,20,13,13,7,hochiminhcity_tanbinh
2025-12-19 04:00:00+00:00,30.6,31.5,8.7,144.0,39.4,517.0,0.27,1.0,5.45,464,139,139,47,4,20,21,7,thanhhoa_thanhhoacity
2025-12-19 04:00:00+00:00,26.6,26.7,18.3,134.0,42.7,574.0,0.27,0.0,5.15,460,152,152,52,9,25,23,7,thainguyen_songcong
2025-12-19 04:00:00+00:00,63.8,64.3,39.7,109.0,100.6,944.0,0.47,0.0,4.75,500,164,164,64,20,14,54,8,vinhphuc_vinhyen
2025-12-19 04:00:00+00:00,25.7,27.5,4.1,141.0,13.5,457.0,0.34,0.0,3.15,460,135,135,46,2,28,7,8,thaibinh_thaibinhcity
2025-12-19 04:00:00+00:00,26.6,26.7,18.3,134.0,42.7,634.0,0.27,0.0,5.15,468,152,152,52,9,25,23,8,thainguyen_thainguyencity
2025-12-19 04:00:00+00:00,32.4,33.4,25.2,129.0,64.5,479.0,0.33,0.0,4.35,459,157,157,57,12,18,35,9,namdinh_namdinhcity
2025-12-19 04:00:00+00:00,38.5,39.6,7.0,144.0,21.3,444.0,0.29,1.0,5.85,463,145,145,50,3,30,12,6,nghean_vinh
2025-12-19 04:00:00+00:00,32.4,33.4,25.2,129.0,64.5,536.0,0.33,0.0,4.35,465,157,157,57,12,18,35,10,ninhbinh_ninhbinhcity
2025-12-19 04:00:00+00:00,3.6,4.5,0.7,88.0,1.8,179.0,0.12,0.0,8.65,441,29,22,6,0,29,1,2,ninhthuan_phanrang
2025-12-19 04:00:00+00:00,58.0,58.3,13.6,127.0,60.3,723.0,0.63,0.0,4.3,480,160,160,60,7,19,33,8,phutho_viettri
2025-12-19 04:00:00+00:00,6.1,7.9,1.7,93.0,1.6,182.0,0.19,0.0,6.55,437,38,27,8,1,38,1,2,phuyen_tuyhoa
2025-12-19 04:00:00+00:00,23.6,25.3,1.6,133.0,10.2,368.0,0.26,1.0,5.05,452,75,75,25,1,53,6,4,quangbinh_donghoi
2025-12-19 04:00:00+00:00,33.1,33.8,23.8,121.0,36.1,454.0,0.32,0.0,8.35,457,95,95,32,12,20,20,4,longan_tanan
2025-12-19 04:00:00+00:00,13.0,15.3,4.4,101.0,3.9,200.0,0.21,0.0,3.8,441,49,49,14,2,35,2,3,quangngai_quangngaicity
2025-12-19 04:00:00+00:00,22.3,25.8,2.8,125.0,7.0,382.0,0.29,0.0,4.7,462,79,79,24,1,55,4,4,quangninh_halong
2025-12-19 04:00:00+00:00,24.9,26.1,3.3,122.0,18.7,315.0,0.28,0.0,4.65,456,98,98,32,2,39,10,4,quangninh_mongcai
2025-12-19 04:00:00+00:00,22.3,26.1,2.4,126.0,9.2,400.0,0.38,0.0,1.95,459,68,68,22,1,46,5,4,quangtri_dongha
2025-12-19 04:00:00+00:00,23.5,25.0,5.5,114.0,13.5,269.0,0.28,0.0,7.8,443,70,70,22,3,26,7,3,soctrang_soctrangcity
2025-12-19 04:00:00+00:00,23.7,23.9,2.4,91.0,5.9,271.0,0.2,0.0,5.6,440,79,79,24,1,21,3,3,sonla_sonlacity
2025-12-19 04:00:00+00:00,5.9,6.2,1.4,93.0,3.3,203.0,0.12,0.0,9.2,449,42,42,10,1,29,2,2,tayninh_tayninhcity
2025-12-19 04:00:00+00:00,11.1,12.5,3.5,98.0,2.6,252.0,0.23,0.0,1.8,447,63,63,19,2,26,1,3,quangnam_tamky
2025-12-19 05:00:00+00:00,19.5,20.0,5.4,135.0,16.0,270.0,0.23,0.0,8.8,441,113,113,38,3,26,9,3,vinhlong_vinhlongcity
2025-12-19 05:00:00+00:00,43.8,44.1,3.8,135.0,35.9,546.0,0.74,1.0,2.75,467,139,139,47,2,28,20,6,tuyenquang_tuyenquangcity
2025-12-19 05:00:00+00:00,23.9,24.9,7.6,141.0,14.7,265.0,0.31,0.0,7.75,443,69,69,21,4,28,8,3,travinh_travinhcity
2025-12-19 05:00:00+00:00,30.4,31.0,15.0,153.0,28.0,334.0,0.33,0.0,7.85,450,95,95,32,7,24,15,4,tiengiang_mytho
2025-12-19 05:00:00+00:00,21.7,24.3,3.9,118.0,7.7,365.0,0.34,0.0,2.2,455,76,76,26,2,36,4,5,thuathienhue_huecity
2025-12-19 05:00:00+00:00,33.4,37.1,9.3,162.0,30.3,459.0,0.33,0.0,5.65,462,99,99,35,5,44,17,6,thanhhoa_samson
2025-12-19 05:00:00+00:00,30.5,31.3,7.3,157.0,38.9,478.0,0.27,1.0,5.8,461,138,138,47,4,27,21,7,thanhhoa_thanhhoacity
2025-12-19 05:00:00+00:00,25.1,25.3,13.7,149.0,34.8,530.0,0.29,0.0,5.4,458,152,152,52,7,30,19,7,thainguyen_songcong
2025-12-19 05:00:00+00:00,22.2,23.8,3.9,127.0,11.1,253.0,0.31,0.0,7.85,441,71,71,22,2,30,6,3,soctrang_soctrangcity
2025-12-19 05:00:00+00:00,24.3,25.9,2.6,137.0,9.3,413.0,0.33,0.0,3.9,457,134,134,45,1,33,5,7,thaibinh_thaibinhcity
2025-12-19 05:00:00+00:00,5.7,6.0,1.1,98.0,3.1,194.0,0.12,0.0,9.6,447,42,42,10,1,31,2,2,tayninh_tayninhcity
2025-12-19 05:00:00+00:00,18.5,18.8,1.4,95.0,4.3,254.0,0.18,1.0,6.0,440,80,80,24,1,24,2,3,sonla_sonlacity
2025-12-19 05:00:00+00:00,23.3,27.3,2.2,128.0,8.7,389.0,0.36,0.0,2.5,459,69,69,22,1,48,5,4,quangtri_dongha
2025-12-19 05:00:00+00:00,23.9,25.3,2.7,121.0,14.4,310.0,0.3,0.0,4.0,455,98,98,32,1,42,8,4,quangninh_mongcai
2025-12-19 05:00:00+00:00,23.2,26.7,3.0,128.0,6.9,372.0,0.29,0.0,4.9,461,78,78,24,1,59,4,4,quangninh_halong
2025-12-19 05:00:00+00:00,12.9,15.0,4.0,106.0,3.8,202.0,0.2,0.0,4.15,441,49,49,13,2,36,2,3,quangngai_quangngaicity
2025-12-19 05:00:00+00:00,21.5,26.2,3.6,132.0,6.7,292.0,0.29,0.0,3.15,451,61,61,20,2,54,4,3,quangnam_hoian
2025-12-19 05:00:00+00:00,49.7,50.2,29.3,141.0,82.6,778.0,0.47,0.0,5.05,487,164,164,64,14,19,45,9,vinhphuc_vinhyen
2025-12-19 05:00:00+00:00,25.1,25.3,13.7,149.0,34.8,549.0,0.29,0.0,5.4,462,152,152,52,7,30,19,7,thainguyen_thainguyencity
2025-12-19 05:00:00+00:00,45.4,46.2,19.2,158.0,42.5,721.0,0.47,0.0,5.1,464,161,161,60,9,26,23,12,hanoi_hoankiem
2025-12-19 05:00:00+00:00,19.5,22.0,2.8,118.0,5.9,365.0,0.31,0.0,3.0,455,75,75,25,1,37,3,5,hue_huecity
2025-12-19 05:00:00+00:00,19.0,19.6,31.9,106.0,19.5,472.0,0.26,0.0,7.8,460,92,92,30,16,17,11,4,bienhoa_dongnai
2025-12-19 05:00:00+00:00,23.1,24.8,7.6,118.0,9.2,372.0,0.32,0.0,3.95,456,95,95,30,4,39,5,5,haiphong_hongbang
2025-12-19 05:00:00+00:00,25.8,26.1,6.3,157.0,19.5,327.0,0.33,0.0,7.5,443,151,151,52,3,26,11,4,cantho_cairang
2025-12-19 05:00:00+00:00,25.8,26.1,6.3,157.0,19.5,317.0,0.33,0.0,7.5,445,151,151,52,3,26,11,5,cantho_ninhkieu
2025-12-19 05:00:00+00:00,22.0,27.5,3.1,123.0,4.7,321.0,0.3,0.0,3.95,452,60,60,20,2,52,3,3,danang_nguhanhson
2025-12-19 05:00:00+00:00,22.0,27.5,3.1,123.0,4.7,297.0,0.3,0.0,3.95,451,60,60,20,2,52,3,3,danang_sontra
2025-12-19 05:00:00+00:00,22.0,27.5,3.1,123.0,4.7,297.0,0.3,0.0,3.95,451,60,60,20,2,52,3,3,danang_haichau
2025-12-19 05:00:00+00:00,59.3,59.6,7.4,127.0,40.0,481.0,0.89,1.0,2.05,459,138,138,46,4,22,22,6,yenbai_yenbaicity
2025-12-19 05:00:00+00:00,19.0,19.6,31.9,106.0,19.5,952.0,0.26,0.0,7.8,467,92,92,30,16,17,11,9,hochiminhcity_binhthanh
2025-12-19 05:00:00+00:00,55.4,56.2,28.2,142.0,74.8,939.0,0.52,1.0,5.0,467,165,165,65,14,19,41,14,hanoi_caugiay
2025-12-19 05:00:00+00:00,45.4,46.2,19.2,158.0,42.5,939.0,0.47,0.0,5.1,467,161,161,60,9,26,23,14,hanoi_dongda
2025-12-19 05:00:00+00:00,45.4,46.2,19.2,158.0,42.5,939.0,0.47,0.0,5.1,467,161,161,60,9,26,23,14,hanoi_badinh
2025-12-19 05:00:00+00:00,19.0,19.6,31.9,106.0,19.5,826.0,0.26,0.0,7.8,463,92,92,30,16,17,11,8,hochiminhcity_tanbinh
2025-12-19 05:00:00+00:00,19.0,19.6,31.9,106.0,19.5,952.0,0.26,0.0,7.8,467,92,92,30,16,17,11,9,hochiminhcity_district3
2025-12-19 05:00:00+00:00,19.0,19.6,31.9,106.0,19.5,777.0,0.26,0.0,7.8,462,92,92,30,16,17,11,10,hochiminhcity_district7
2025-12-19 05:00:00+00:00,19.0,19.6,31.9,106.0,19.5,826.0,0.26,0.0,7.8,463,92,92,30,16,17,11,8,hochiminhcity_district1
2025-12-19 06:00:00+00:00,44.9,45.6,14.7,173.0,35.9,605.0,0.47,0.0,4.35,461,161,161,61,7,33,20,12,hanoi_hoankiem
2025-12-19 06:00:00+00:00,54.7,55.5,20.6,165.0,61.0,770.0,0.53,1.0,4.0,463,166,166,65,10,26,33,14,hanoi_caugiay
2025-12-19 06:00:00+00:00,44.9,45.6,14.7,173.0,35.9,770.0,0.47,0.0,4.35,463,161,161,61,7,33,20,14,hanoi_dongda
2025-12-19 06:00:00+00:00,44.9,45.6,14.7,173.0,35.9,770.0,0.47,0.0,4.35,463,161,161,61,7,33,20,14,hanoi_badinh
2025-12-19 06:00:00+00:00,18.9,19.4,26.8,116.0,16.0,760.0,0.3,0.0,7.1,460,92,92,30,13,23,9,8,hochiminhcity_district1
2025-12-19 06:00:00+00:00,18.9,19.4,26.8,116.0,16.0,939.0,0.3,0.0,7.1,464,92,92,30,13,23,9,9,hochiminhcity_district3
2025-12-19 06:00:00+00:00,18.9,19.4,26.8,116.0,16.0,939.0,0.3,0.0,7.1,464,92,92,30,13,23,9,9,hochiminhcity_binhthanh
2025-12-19 06:00:00+00:00,18.9,19.4,26.8,116.0,16.0,661.0,0.3,0.0,7.1,457,92,92,30,13,23,9,10,hochiminhcity_district7
2025-12-19 06:00:00+00:00,18.9,19.4,26.8,116.0,16.0,760.0,0.3,0.0,7.1,460,92,92,30,13,23,9,8,hochiminhcity_tanbinh
2025-12-19 06:00:00+00:00,21.7,26.8,3.1,125.0,4.6,321.0,0.29,0.0,3.25,453,61,61,20,2,56,3,3,danang_sontra
2025-12-19 06:00:00+00:00,21.7,26.8,3.1,125.0,4.6,336.0,0.29,0.0,3.25,453,61,61,20,2,56,3,3,danang_nguhanhson
2025-12-19 06:00:00+00:00,25.8,26.2,4.4,171.0,17.5,323.0,0.37,0.0,6.05,444,151,151,52,2,34,10,5,cantho_ninhkieu
2025-12-19 06:00:00+00:00,25.8,26.2,4.4,171.0,17.5,337.0,0.37,0.0,6.05,442,151,151,52,2,34,10,4,cantho_cairang
2025-12-19 06:00:00+00:00,22.8,24.4,7.7,115.0,8.1,362.0,0.31,0.0,3.55,455,95,95,30,4,42,4,5,haiphong_hongbang
2025-12-19 06:00:00+00:00,18.9,19.4,26.8,116.0,16.0,497.0,0.3,0.0,7.1,459,92,92,30,13,23,9,4,bienhoa_dongnai
2025-12-19 06:00:00+00:00,20.5,23.1,2.8,118.0,5.6,362.0,0.32,0.0,2.35,455,75,75,25,1,42,3,5,hue_huecity
2025-12-19 06:00:00+00:00,21.7,26.8,3.1,125.0,4.6,321.0,0.29,0.0,3.25,453,61,61,20,2,56,3,3,danang_haichau
2025-12-19 07:00:00+00:00,20.7,21.3,26.3,124.0,15.5,594.0,0.34,0.0,4.95,453,91,91,30,13,29,8,10,hochiminhcity_district7
2025-12-19 07:00:00+00:00,20.7,21.3,26.3,124.0,15.5,890.0,0.34,0.0,4.95,461,91,91,30,13,29,8,9,hochiminhcity_district3
2025-12-19 07:00:00+00:00,20.7,21.3,26.3,124.0,15.5,664.0,0.34,0.0,4.95,457,91,91,30,13,29,8,8,hochiminhcity_district1
2025-12-19 07:00:00+00:00,20.7,21.3,26.3,124.0,15.5,890.0,0.34,0.0,4.95,461,91,91,30,13,29,8,9,hochiminhcity_binhthanh
2025-12-19 07:00:00+00:00,44.9,45.8,11.7,182.0,32.3,688.0,0.47,0.0,2.85,460,161,161,61,6,42,18,14,hanoi_dongda
2025-12-19 07:00:00+00:00,55.1,55.9,17.2,177.0,55.3,688.0,0.55,1.0,2.5,460,166,166,66,8,35,30,14,hanoi_caugiay
2025-12-19 07:00:00+00:00,44.9,45.8,11.7,182.0,32.3,688.0,0.47,0.0,2.85,460,161,161,61,6,42,18,14,hanoi_badinh
2025-12-19 07:00:00+00:00,44.9,45.8,11.7,182.0,32.3,566.0,0.47,0.0,2.85,458,161,161,61,6,42,18,11,hanoi_hoankiem
2025-12-19 07:00:00+00:00,20.7,21.3,26.3,124.0,15.5,664.0,0.34,0.0,4.95,457,91,91,30,13,29,8,8,hochiminhcity_tanbinh
2025-12-19 07:00:00+00:00,21.5,26.5,3.5,124.0,4.5,329.0,0.26,0.0,2.4,453,61,61,20,2,60,2,3,danang_sontra
2025-12-19 07:00:00+00:00,21.5,26.5,3.5,124.0,4.5,329.0,0.26,0.0,2.4,453,61,61,20,2,60,2,3,danang_haichau
2025-12-19 07:00:00+00:00,21.6,24.3,2.7,121.0,5.7,347.0,0.34,0.0,1.45,454,75,75,25,1,46,3,5,hue_huecity
2025-12-19 07:00:00+00:00,20.7,21.3,26.3,124.0,15.5,519.0,0.34,0.0,4.95,458,91,91,30,13,29,8,4,bienhoa_dongnai
2025-12-19 07:00:00+00:00,30.3,30.7,3.5,180.0,17.1,323.0,0.4,0.0,4.4,440,151,151,51,2,44,9,4,cantho_cairang
2025-12-19 07:00:00+00:00,30.3,30.7,3.5,180.0,17.1,306.0,0.4,0.0,4.4,442,151,151,51,2,44,9,4,cantho_ninhkieu
2025-12-19 07:00:00+00:00,22.6,24.3,8.3,113.0,7.8,355.0,0.29,0.0,3.05,454,95,95,30,4,46,4,5,haiphong_hongbang
2025-12-19 07:00:00+00:00,21.5,26.5,3.5,124.0,4.5,349.0,0.26,0.0,2.4,454,61,61,20,2,60,2,3,danang_nguhanhson
2025-12-19 08:00:00+00:00,23.4,24.0,28.6,129.0,16.4,560.0,0.38,0.0,2.25,451,91,91,30,14,36,9,9,hochiminhcity_district7
2025-12-19 08:00:00+00:00,44.7,45.5,10.8,183.0,30.3,579.0,0.47,0.0,1.4,456,161,161,61,5,57,17,10,hanoi_hoankiem
2025-12-19 08:00:00+00:00,54.9,55.8,16.9,180.0,53.3,669.0,0.53,1.0,1.35,459,167,167,66,8,45,29,12,hanoi_caugiay
2025-12-19 08:00:00+00:00,44.7,45.5,10.8,183.0,30.3,669.0,0.47,0.0,1.4,459,161,161,61,5,57,17,12,hanoi_dongda
2025-12-19 08:00:00+00:00,44.7,45.5,10.8,183.0,30.3,669.0,0.47,0.0,1.4,459,161,161,61,5,57,17,12,hanoi_badinh
2025-12-19 08:00:00+00:00,23.4,24.0,28.6,129.0,16.4,568.0,0.38,0.0,2.25,454,91,91,30,14,36,9,8,hochiminhcity_district1
2025-12-19 08:00:00+00:00,23.4,24.0,28.6,129.0,16.4,828.0,0.38,0.0,2.25,457,91,91,30,14,36,9,9,hochiminhcity_district3
2025-12-19 08:00:00+00:00,23.4,24.0,28.6,129.0,16.4,828.0,0.38,0.0,2.25,457,91,91,30,14,36,9,9,hochiminhcity_binhthanh
2025-12-19 08:00:00+00:00,23.4,24.0,28.6,129.0,16.4,568.0,0.38,0.0,2.25,454,91,91,30,14,36,9,8,hochiminhcity_tanbinh
2025-12-19 08:00:00+00:00,20.5,25.0,4.0,122.0,4.4,337.0,0.23,0.0,1.1,453,65,61,20,2,65,2,3,danang_sontra
2025-12-19 08:00:00+00:00,20.5,25.0,4.0,122.0,4.4,361.0,0.23,0.0,1.1,454,65,61,20,2,65,2,3,danang_nguhanhson
2025-12-19 08:00:00+00:00,27.9,28.3,3.7,184.0,17.3,291.0,0.45,0.0,2.45,441,151,151,51,2,63,9,4,cantho_ninhkieu
2025-12-19 08:00:00+00:00,27.9,28.3,3.7,184.0,17.3,311.0,0.45,0.0,2.45,439,151,151,51,2,63,9,4,cantho_cairang
2025-12-19 08:00:00+00:00,22.4,24.0,9.4,111.0,8.1,354.0,0.28,0.0,1.5,455,95,95,30,5,49,4,4,haiphong_hongbang
2025-12-19 08:00:00+00:00,23.4,24.0,28.6,129.0,16.4,539.0,0.38,0.0,2.25,457,91,91,30,14,36,9,4,bienhoa_dongnai
2025-12-19 08:00:00+00:00,22.1,24.9,2.9,123.0,6.1,341.0,0.36,0.0,0.8,454,75,75,25,1,50,3,5,hue_huecity
2025-12-19 08:00:00+00:00,20.5,25.0,4.0,122.0,4.4,337.0,0.23,0.0,1.1,453,65,61,20,2,65,2,3,danang_haichau
2025-12-19 09:00:00+00:00,44.6,45.4,15.0,173.0,30.5,622.0,0.44,0.0,0.4,456,162,162,61,7,92,17,9,hanoi_hoankiem
2025-12-19 09:00:00+00:00,54.5,55.3,21.4,171.0,53.7,713.0,0.48,1.0,0.4,458,167,167,67,11,66,29,11,hanoi_caugiay
2025-12-19 09:00:00+00:00,44.6,45.4,15.0,173.0,30.5,713.0,0.44,0.0,0.4,458,162,162,61,7,92,17,11,hanoi_dongda
2025-12-19 09:00:00+00:00,44.6,45.4,15.0,173.0,30.5,713.0,0.44,0.0,0.4,458,162,162,61,7,92,17,11,hanoi_badinh
2025-12-19 09:00:00+00:00,22.9,23.5,32.1,125.0,17.1,587.0,0.4,0.0,0.6,453,91,91,30,16,42,9,8,hochiminhcity_district1
2025-12-19 09:00:00+00:00,22.9,23.5,32.1,125.0,17.1,819.0,0.4,0.0,0.6,456,91,91,30,16,42,9,9,hochiminhcity_district3
2025-12-19 09:00:00+00:00,22.9,23.5,32.1,125.0,17.1,562.0,0.4,0.0,0.6,451,91,91,30,16,42,9,8,hochiminhcity_district7
2025-12-19 09:00:00+00:00,22.9,23.5,32.1,125.0,17.1,819.0,0.4,0.0,0.6,456,91,91,30,16,42,9,9,hochiminhcity_binhthanh
2025-12-19 09:00:00+00:00,20.0,24.2,4.4,119.0,4.3,361.0,0.23,0.0,0.25,453,68,61,20,2,68,2,3,danang_haichau
2025-12-19 09:00:00+00:00,20.0,24.2,4.4,119.0,4.3,361.0,0.23,0.0,0.25,453,68,61,20,2,68,2,3,danang_sontra
2025-12-19 09:00:00+00:00,20.0,24.2,4.4,119.0,4.3,375.0,0.23,0.0,0.25,454,68,61,20,2,68,2,3,danang_nguhanhson
2025-12-19 09:00:00+00:00,28.2,28.6,5.3,178.0,17.6,325.0,0.47,0.0,0.85,441,151,151,51,3,96,10,4,cantho_ninhkieu
2025-12-19 09:00:00+00:00,28.2,28.6,5.3,178.0,17.6,347.0,0.47,0.0,0.85,439,151,151,51,3,96,10,4,cantho_cairang
2025-12-19 09:00:00+00:00,22.4,24.0,10.4,107.0,8.4,358.0,0.26,0.0,0.4,455,94,94,30,5,54,5,4,haiphong_hongbang
2025-12-19 09:00:00+00:00,22.9,23.5,32.1,125.0,17.1,557.0,0.4,0.0,0.6,457,91,91,30,16,42,9,4,bienhoa_dongnai
2025-12-19 09:00:00+00:00,23.2,26.3,4.0,122.0,6.7,378.0,0.37,0.0,0.25,455,76,76,25,2,59,4,4,hue_huecity
2025-12-19 09:00:00+00:00,22.9,23.5,32.1,125.0,17.1,587.0,0.4,0.0,0.6,453,91,91,30,16,42,9,8,hochiminhcity_tanbinh
2025-12-19 10:00:00+00:00,64.3,65.0,29.7,142.0,35.1,716.0,0.41,0.0,0.0,458,162,162,62,15,121,19,8,hanoi_hoankiem
2025-12-19 10:00:00+00:00,64.7,65.2,34.6,143.0,57.6,876.0,0.47,1.0,0.0,459,167,167,67,17,96,31,10,hanoi_caugiay
2025-12-19 10:00:00+00:00,64.3,65.0,29.7,142.0,35.1,876.0,0.41,0.0,0.0,459,162,162,62,15,121,19,10,hanoi_dongda
2025-12-19 10:00:00+00:00,64.3,65.0,29.7,142.0,35.1,876.0,0.41,0.0,0.0,459,162,162,62,15,121,19,10,hanoi_badinh
2025-12-19 10:00:00+00:00,22.4,23.0,36.9,106.0,16.9,843.0,0.45,0.0,0.05,457,91,91,30,18,48,9,7,hochiminhcity_district1
2025-12-19 10:00:00+00:00,22.4,23.0,36.9,106.0,16.9,926.0,0.45,0.0,0.05,458,91,91,30,18,48,9,9,hochiminhcity_district3
2025-12-19 10:00:00+00:00,22.4,23.0,36.9,106.0,16.9,629.0,0.45,0.0,0.05,454,91,91,30,18,48,9,8,hochiminhcity_district7
2025-12-19 10:00:00+00:00,22.4,23.0,36.9,106.0,16.9,926.0,0.45,0.0,0.05,458,91,91,30,18,48,9,9,hochiminhcity_binhthanh
2025-12-19 10:00:00+00:00,22.4,23.0,36.9,106.0,16.9,843.0,0.45,0.0,0.05,457,91,91,30,18,48,9,7,hochiminhcity_tanbinh
2025-12-19 10:00:00+00:00,19.5,23.5,4.4,116.0,4.2,419.0,0.23,0.0,0.0,455,71,62,20,2,71,2,3,danang_haichau
2025-12-19 10:00:00+00:00,19.5,23.5,4.4,116.0,4.2,419.0,0.23,0.0,0.0,455,71,62,20,2,71,2,3,danang_sontra
2025-12-19 10:00:00+00:00,19.5,23.5,4.4,116.0,4.2,394.0,0.23,0.0,0.0,454,71,62,20,2,71,2,3,danang_nguhanhson
2025-12-19 10:00:00+00:00,31.0,31.3,9.3,157.0,17.8,467.0,0.47,0.0,0.1,445,150,150,51,5,123,10,3,cantho_ninhkieu
2025-12-19 10:00:00+00:00,31.0,31.3,9.3,157.0,17.8,487.0,0.47,0.0,0.1,442,150,150,51,5,123,10,3,cantho_cairang
2025-12-19 10:00:00+00:00,22.9,24.2,11.1,101.0,8.5,373.0,0.24,0.0,0.0,456,94,94,30,5,59,5,4,haiphong_hongbang
2025-12-19 10:00:00+00:00,22.4,23.0,36.9,106.0,16.9,567.0,0.45,0.0,0.05,457,91,91,30,18,48,9,5,bienhoa_dongnai
2025-12-19 10:00:00+00:00,24.6,27.8,6.6,113.0,7.4,470.0,0.38,0.0,0.0,457,76,76,26,3,66,4,4,hue_huecity
2025-12-19 11:00:00+00:00,83.1,83.8,52.6,104.0,64.0,1102.0,0.47,0.0,0.0,460,168,168,67,26,115,35,9,hanoi_caugiay
2025-12-19 11:00:00+00:00,85.9,86.6,49.6,100.0,41.9,1102.0,0.38,0.0,0.0,460,162,162,62,24,134,23,9,hanoi_dongda
2025-12-19 11:00:00+00:00,85.9,86.6,49.6,100.0,41.9,1102.0,0.38,0.0,0.0,460,162,162,62,24,134,23,9,hanoi_badinh
2025-12-19 11:00:00+00:00,85.9,86.6,49.6,100.0,41.9,839.0,0.38,0.0,0.0,461,162,162,62,24,134,23,7,hanoi_hoankiem
2025-12-19 11:00:00+00:00,24.0,25.1,42.9,77.0,16.6,1086.0,0.39,0.0,0.0,461,90,90,29,21,52,9,9,hochiminhcity_district3
2025-12-19 11:00:00+00:00,24.0,25.1,42.9,77.0,16.6,733.0,0.39,0.0,0.0,460,90,90,29,21,52,9,7,hochiminhcity_district7
2025-12-19 11:00:00+00:00,24.0,25.1,42.9,77.0,16.6,1086.0,0.39,0.0,0.0,461,90,90,29,21,52,9,9,hochiminhcity_binhthanh
2025-12-19 11:00:00+00:00,24.0,25.1,42.9,77.0,16.6,1215.0,0.39,0.0,0.0,463,90,90,29,21,52,9,7,hochiminhcity_tanbinh
2025-12-19 11:00:00+00:00,24.0,25.1,42.9,77.0,16.6,1215.0,0.39,0.0,0.0,463,90,90,29,21,52,9,7,hochiminhcity_district1
2025-12-19 11:00:00+00:00,18.4,22.2,4.2,112.0,4.0,494.0,0.22,0.0,0.0,457,71,62,21,2,71,2,3,danang_sontra
2025-12-19 11:00:00+00:00,18.4,22.2,4.2,112.0,4.0,414.0,0.22,0.0,0.0,453,71,62,21,2,71,2,3,danang_nguhanhson
2025-12-19 11:00:00+00:00,42.6,43.0,14.6,127.0,18.0,659.0,0.48,0.0,0.0,450,150,150,51,7,138,10,3,cantho_ninhkieu
2025-12-19 11:00:00+00:00,42.6,43.0,14.6,127.0,18.0,675.0,0.48,0.0,0.0,447,150,150,51,7,138,10,3,cantho_cairang
2025-12-19 11:00:00+00:00,23.6,24.8,11.7,93.0,8.5,394.0,0.22,0.0,0.0,458,93,93,30,6,58,5,4,haiphong_hongbang
2025-12-19 11:00:00+00:00,24.0,25.1,42.9,77.0,16.6,575.0,0.39,0.0,0.0,458,90,90,29,21,52,9,5,bienhoa_dongnai
2025-12-19 11:00:00+00:00,27.2,30.3,10.1,101.0,8.3,607.0,0.4,0.0,0.0,461,77,77,26,5,68,5,4,hue_huecity
2025-12-19 11:00:00+00:00,18.4,22.2,4.2,112.0,4.0,494.0,0.22,0.0,0.0,457,71,62,21,2,71,2,3,danang_haichau
2025-12-19 12:00:00+00:00,92.2,92.9,61.9,67.0,45.3,905.0,0.37,0.0,0.0,464,162,162,62,30,132,25,7,hanoi_hoankiem
2025-12-19 12:00:00+00:00,96.9,97.6,65.5,71.0,68.6,1222.0,0.48,0.0,0.0,462,168,168,67,32,120,37,8,hanoi_caugiay
2025-12-19 12:00:00+00:00,92.2,92.9,61.9,67.0,45.3,1222.0,0.37,0.0,0.0,462,162,162,62,30,132,25,8,hanoi_dongda
2025-12-19 12:00:00+00:00,92.2,92.9,61.9,67.0,45.3,1222.0,0.37,0.0,0.0,462,162,162,62,30,132,25,8,hanoi_badinh
2025-12-19 12:00:00+00:00,26.7,28.7,48.1,54.0,16.7,1180.0,0.35,0.0,0.0,465,89,89,29,24,53,9,9,hochiminhcity_district3
2025-12-19 12:00:00+00:00,26.7,28.7,48.1,54.0,16.7,796.0,0.35,0.0,0.0,466,89,89,29,24,53,9,7,hochiminhcity_district7
2025-12-19 12:00:00+00:00,26.7,28.7,48.1,54.0,16.7,1180.0,0.35,0.0,0.0,465,89,89,29,24,53,9,9,hochiminhcity_binhthanh
2025-12-19 12:00:00+00:00,26.7,28.7,48.1,54.0,16.7,1449.0,0.35,0.0,0.0,468,89,89,29,24,53,9,8,hochiminhcity_tanbinh
2025-12-19 12:00:00+00:00,26.7,28.7,48.1,54.0,16.7,1449.0,0.35,0.0,0.0,468,89,89,29,24,53,9,8,hochiminhcity_district1
2025-12-19 12:00:00+00:00,17.2,20.8,4.2,108.0,3.8,558.0,0.21,0.0,0.0,461,71,62,21,2,71,2,3,danang_sontra
2025-12-19 12:00:00+00:00,17.2,20.8,4.2,108.0,3.8,427.0,0.21,0.0,0.0,453,71,62,21,2,71,2,3,danang_nguhanhson
2025-12-19 12:00:00+00:00,46.1,46.4,18.4,102.0,17.9,769.0,0.45,0.0,0.0,455,150,150,51,9,141,10,4,cantho_ninhkieu
2025-12-19 12:00:00+00:00,46.1,46.4,18.4,102.0,17.9,789.0,0.45,0.0,0.0,452,150,150,51,9,141,10,4,cantho_cairang
2025-12-19 12:00:00+00:00,23.2,24.3,11.8,87.0,8.3,403.0,0.21,0.0,0.0,459,92,92,30,6,53,5,4,haiphong_hongbang
2025-12-19 12:00:00+00:00,26.7,28.7,48.1,54.0,16.7,594.0,0.35,0.0,0.0,460,89,89,29,24,53,9,5,bienhoa_dongnai
2025-12-19 12:00:00+00:00,30.2,34.1,13.2,90.0,9.5,792.0,0.4,0.0,0.0,468,78,78,26,7,65,5,4,hue_huecity
2025-12-19 12:00:00+00:00,17.2,20.8,4.2,108.0,3.8,558.0,0.21,0.0,0.0,461,71,62,21,2,71,2,3,danang_haichau
2025-12-19 13:00:00+00:00,76.8,77.5,59.3,52.0,42.1,1132.0,0.36,0.0,0.0,463,161,161,61,29,117,23,8,hanoi_dongda
2025-12-19 13:00:00+00:00,76.8,77.5,59.3,52.0,42.1,1132.0,0.36,0.0,0.0,463,161,161,61,29,117,23,8,hanoi_badinh
2025-12-19 13:00:00+00:00,26.0,27.9,51.8,42.0,17.6,1424.0,0.28,0.0,0.0,471,87,87,28,26,49,10,8,hochiminhcity_district1
2025-12-19 13:00:00+00:00,26.0,27.9,51.8,42.0,17.6,1149.0,0.28,0.0,0.0,468,87,87,28,26,49,10,9,hochiminhcity_district3
2025-12-19 13:00:00+00:00,26.0,27.9,51.8,42.0,17.6,782.0,0.28,0.0,0.0,472,87,87,28,26,49,10,6,hochiminhcity_district7
2025-12-19 13:00:00+00:00,26.0,27.9,51.8,42.0,17.6,1149.0,0.28,0.0,0.0,468,87,87,28,26,49,10,9,hochiminhcity_binhthanh
2025-12-19 13:00:00+00:00,26.0,27.9,51.8,42.0,17.6,1424.0,0.28,0.0,0.0,471,87,87,28,26,49,10,8,hochiminhcity_tanbinh
2025-12-19 13:00:00+00:00,49.4,49.8,19.3,88.0,17.5,722.0,0.38,0.0,0.0,458,150,150,51,10,134,10,4,cantho_ninhkieu
2025-12-19 13:00:00+00:00,15.5,18.9,4.5,105.0,3.6,599.0,0.21,0.0,0.0,467,68,62,21,2,68,2,4,danang_sontra
2025-12-19 13:00:00+00:00,15.5,18.9,4.5,105.0,3.6,420.0,0.21,0.0,0.0,453,68,62,21,2,68,2,4,danang_nguhanhson
2025-12-19 13:00:00+00:00,49.4,49.8,19.3,88.0,17.5,764.0,0.38,0.0,0.0,456,150,150,51,10,134,10,4,cantho_cairang
2025-12-19 13:00:00+00:00,22.3,23.3,11.0,83.0,7.6,386.0,0.2,0.0,0.0,458,92,92,30,5,49,4,4,haiphong_hongbang
2025-12-19 13:00:00+00:00,26.0,27.9,51.8,42.0,17.6,642.0,0.28,0.0,0.0,463,87,87,28,26,49,10,5,bienhoa_dongnai
2025-12-19 13:00:00+00:00,33.9,38.3,16.0,83.0,11.4,1095.0,0.39,0.0,0.0,482,79,79,27,8,59,6,4,hue_huecity
2025-12-19 13:00:00+00:00,99.9,100.6,68.5,52.0,70.0,1132.0,0.47,0.0,0.0,463,167,167,67,34,112,38,8,hanoi_caugiay
2025-12-19 13:00:00+00:00,15.5,18.9,4.5,105.0,3.6,599.0,0.21,0.0,0.0,467,68,62,21,2,68,2,4,danang_haichau
2025-12-19 13:00:00+00:00,76.8,77.5,59.3,52.0,42.1,857.0,0.36,0.0,0.0,464,161,161,61,29,117,23,7,hanoi_hoankiem
