actual,predicted
106.00000014998861,113.12042770598244
106.00000014998861,112.28597387253751
105.00000000100545,111.76932953641538
105.00000000100545,111.58653433786534
106.00000014998861,111.57055794024926
106.00000014998861,111.59810337818111
106.99999975377666,111.62665633668334
106.99999975377666,111.65604671488045
107.99999990275984,111.41816936358853
106.99999975377666,110.7894765276692
106.99999975377666,109.28360400762324
105.00000000100545,107.17332382280901
103.00000024823422,104.8117975573163
100.99999995026788,102.65578204479193
99.00000006119788,100.82059259415526
97.99999999740145,99.28840814012251
96.00000002314471,98.22275900299972
94.99999987416153,97.61524372608255
92.99999984879275,97.51610122131905
92.0000002450047,97.9102830131769
89.99999994703836,98.69628208568382
88.99999979805519,99.73882135602221
88.99999979805519,99.98793572380556
88.99999979805519,99.54222290757988
88.99999979805519,98.66173470690488
88.00000019426713,97.69238869839269
87.00000004528397,96.800437225254
85.99999989630079,95.82849527020726
83.99999959833445,94.8976866509147
83.00000053974152,94.14187993861732
83.00000053974152,93.56175580941478
82.00000039075834,93.01813358347431
81.00000024177518,92.60744028499616
81.00000024177518,92.00007657232064
81.00000024177518,91.27862151375633
82.00000039075834,90.27275997210424
82.00000039075834,89.23551863528462
82.00000039075834,88.58264148931029
83.00000053974152,88.28366957356103
83.99999959833445,88.34301079053225
83.99999959833445,88.78629094615997
84.99999974731763,89.6503597781889
84.99999974731763,91.08996056097645
85.99999989630079,93.05078204767175
87.00000004528397,95.3442745052981
88.00000019426713,97.97709844626257
88.99999979805519,100.20847150891633
91.00000009602152,101.45559660871244
91.00000009602152,101.37693204132125
91.00000009602152,100.57695689207092
91.00000009602152,99.77316646741393
91.00000009602152,99.10524684305354
91.00000009602152,98.41476513669939
91.00000009602152,97.55861062954057
89.99999994703836,96.49825301989398
88.99999979805519,94.99813094531127
88.00000019426713,93.02833418405433
87.00000004528397,90.83981631962305
87.00000004528397,89.16944643943788
87.00000004528397,87.792713740813
87.00000004528397,87.0031043862622
87.00000004528397,86.97212203833267
87.00000004528397,87.56242441511556
87.00000004528397,88.65641074977428
88.00000019426713,90.18899183325235
88.99999979805519,92.0037571845342
88.00000019426713,93.71525931008333
88.00000019426713,95.12670022004573
87.00000004528397,96.18701312369299
85.99999989630079,96.86290683993786
83.00000053974152,95.77577599308877
81.00000024177518,93.88106541109332
81.00000024177518,91.63109996836847
80.000000092792,89.60972093440297
80.000000092792,87.94428779597365
80.000000092792,86.82327068757056
78.99999994380883,85.93476184897824
78.99999994380883,85.08609586930562
78.99999994380883,84.18248948762074
78.99999994380883,83.16768511051626
78.99999994380883,82.08822277369033
78.99999994380883,81.02123668184963
78.99999994380883,79.98231941525005
78.99999994380883,79.23629404849015
78.0000008852159,79.15672827357577
78.0000008852159,79.72561756706733
78.0000008852159,80.86221417104363
78.0000008852159,82.32105379900851
76.99999964584251,83.97464802554072
76.00000058724956,85.52018676128951
74.99999934787616,86.5862307559735
74.00000028928322,87.09030180238015
74.00000028928322,87.21006808420893
72.99999904990983,87.12106716265437
74.00000028928322,87.20212459140022
74.99999934787616,87.05129091120418
76.00000058724956,86.62309684957162
76.99999964584251,86.28043299739892
78.0000008852159,86.27931643780576
78.99999994380883,86.61595697436073
78.99999994380883,87.03668404371406
80.000000092792,87.3015899879699
81.00000024177518,87.27280368595895
81.00000024177518,86.8969243666704
81.00000024177518,86.11885243111877
82.00000039075834,85.55717279781268
83.99999959833445,85.95875697632873
84.99999974731763,86.84867459909522
87.00000004528397,88.12308344316853
88.00000019426713,89.69455983645845
88.99999979805519,91.6633193640113
89.99999994703836,93.9081910487875
92.0000002450047,96.38768063586751
92.99999984879275,98.86687227381779
96.00000002314471,101.27802492454815
97.99999999740145,103.44313538196165
102.00000009925104,105.53442860174115
105.00000000100545,107.8412554414619
109.000000051743,110.64100899426722
110.00000020072618,112.4447564974934
110.00000020072618,113.01750359161052
110.00000020072618,113.05182907597813
110.00000020072618,113.12501388728009
110.00000020072618,113.48323324644099
110.00000020072618,114.09304706595813
110.00000020072618,114.55890538683548
110.00000020072618,114.40622676637417
110.00000020072618,113.54973614642768
109.000000051743,111.91479849669122
107.99999990275984,109.32310012245054
105.00000000100545,106.09899122680925
103.00000024823422,102.72888780280238
100.99999995026788,99.89316854612943
99.00000006119788,97.69223249999257
96.9999999676797,96.14049925736029
96.00000002314471,95.25410523061457
93.99999999777592,94.84086423536942
92.0000002450047,94.64086077084357
89.99999994703836,94.3985250865082
88.00000019426713,94.02859929786283
84.99999974731763,93.50221505103188
83.00000053974152,92.92153318722788
80.000000092792,92.15775408678077
80.000000092792,91.10892953457243
80.000000092792,90.10392503963928
81.00000024177518,89.35968573207234
81.00000024177518,89.02762701525411
81.00000024177518,89.03825341321804
81.00000024177518,89.29653087527977
82.00000039075834,89.66981888219222
82.00000039075834,90.01375303898018
83.00000053974152,90.25708779336168
83.99999959833445,90.48618259656469
85.99999989630079,90.62954764889619
85.99999989630079,89.8906196321283
87.00000004528397,89.15097522898084
88.99999979805519,88.96663494747817
91.00000009602152,89.7546501515161
92.99999984879275,91.18189027068259
93.99999999777592,92.80131439345462
94.99999987416153,93.9907327712308
94.99999987416153,94.56746115266677
94.99999987416153,94.39321979285538
94.99999987416153,93.61212202442191
93.99999999777592,92.34388315345197
92.0000002450047,91.05025291044497
91.00000009602152,89.96325597714574
89.99999994703836,88.99230055265748
88.99999979805519,88.37462556479383
88.99999979805519,88.39537132926583
88.00000019426713,88.95571796051856
88.00000019426713,89.86191510938443
87.00000004528397,90.83817855350107
87.00000004528397,91.72959001087949
87.00000004528397,92.36000293738299
87.00000004528397,92.77833223862564
85.99999989630079,92.85276391115295
85.99999989630079,92.60043343739304
87.00000004528397,92.51206712295098
88.00000019426713,92.7222234834844
88.99999979805519,93.34633286408163
88.99999979805519,94.57093104696882
88.99999979805519,96.33377119781551
89.99999994703836,98.4564354896407
91.00000009602152,100.8007066023778
92.99999984879275,103.00365087471651
93.99999999777592,104.48905731538389
94.99999987416153,104.8310549391275
96.00000002314471,103.86363674053786
96.00000002314471,102.0563967174124
96.00000002314471,100.39894523544976
96.00000002314471,98.5376123161165
94.99999987416153,96.73183825450276
94.99999987416153,95.11661601862252
93.99999999777592,93.73080064199856
93.99999999777592,92.43389214077203
92.99999984879275,91.32329970814074
92.99999984879275,90.17892644106055
92.0000002450047,89.20451884111145
91.00000009602152,88.41093992093674
89.99999994703836,87.63752831321824
88.99999979805519,86.94932852101309
87.00000004528397,85.98645943045337
84.99999974731763,85.06620497077215
83.00000053974152,84.52308814070221
81.00000024177518,84.46702027519451
78.99999994380883,84.8282949077734
76.99999964584251,85.489937155593
74.99999934787616,86.25814760192543
72.99999904990983,86.8734329996051
71.99999999131688,87.18404374064471
71.00000093272394,87.27721104325926
71.99999999131688,87.1673694932829
72.99999904990983,87.06505054548737
72.99999904990983,87.13417583397163
74.00000028928322,87.02967719611094
74.99999934787616,86.61470084481843
74.99999934787616,86.15021205406707
76.00000058724956,85.8386025155789
76.00000058724956,85.57246443036577
76.00000058724956,85.05088280729268
76.00000058724956,83.99128301885432
74.99999934787616,82.42109710239887
74.99999934787616,80.57080738269407
76.00000058724956,78.63515973518541
76.00000058724956,77.12300656742796
78.0000008852159,76.50912777314201
78.99999994380883,76.63068011416374
80.000000092792,77.46114311937532
81.00000024177518,78.77882955158556
81.00000024177518,80.14702940148366
81.00000024177518,81.34171763523025
81.00000024177518,82.37134041552902
80.000000092792,83.34004745536778
80.000000092792,84.08641956622009
80.000000092792,84.74319431206328
81.00000024177518,85.37371682278466
81.00000024177518,85.84592121478714
81.00000024177518,85.78163834930403
80.000000092792,85.12358130455308
80.000000092792,84.08118787390764
78.99999994380883,83.20176852825333
78.99999994380883,82.64130577044133
78.0000008852159,82.14327439550584
78.0000008852159,81.28099162266987
78.0000008852159,80.1145684844054
78.0000008852159,78.72045005879515
76.99999964584251,77.1952732701582
76.99999964584251,75.65355308098677
76.99999964584251,74.62461288497053
76.00000058724956,73.64601600576665
74.00000028928322,72.89330218535011
72.99999904990983,72.35292441553214
71.00000093272394,72.04384022081129
69.99999969335055,71.7832914759053
69.0000006347576,71.36733813496878
67.99999939538421,70.75709906326284
65.99999909741787,69.99847096625132
64.00000098023199,69.01321398353673
62.00000068226564,67.65774989149801
59.99999820351885,66.09881898297276
58.00000008633297,64.46337539217065
56.000001969147085,63.126055393520666
56.000001969147085,61.857665503504194
55.00000072977369,60.69189441859587
55.00000072977369,59.67688068656767
55.00000072977369,58.953341347083146
55.00000072977369,58.59398362052453
56.000001969147085,58.3268292916192
56.000001969147085,57.75208460260496
56.000001969147085,57.12288582561999
56.99999884695957,56.72452265983652
56.99999884695957,56.34967703048383
56.99999884695957,56.419178503596655
59.000001325706364,57.77859416982051
59.99999820351885,59.99127508169735
62.00000068226564,62.94905889020147
64.00000098023199,66.37494068111059
65.99999909741787,70.0237331270464
67.99999939538421,73.90251067980611
71.00000093272394,77.83206552468879
72.99999904990983,81.65030025044636
76.00000058724956,84.89028795377837
78.99999994380883,87.47410280667285
81.00000024177518,89.50856870415106
83.99999959833445,91.41443343298066
85.99999989630079,92.64804641707525
87.00000004528397,93.00878730363769
88.00000019426713,92.77801875143518
88.99999979805519,92.45276352444262
89.99999994703836,92.4486909169422
89.99999994703836,92.79348103005891
91.00000009602152,93.11898650160873
92.0000002450047,93.11347675978823
92.0000002450047,92.69991955137704
92.0000002450047,91.81711399887064
92.99999984879275,90.48698566896738
92.99999984879275,89.10791190252365
92.0000002450047,87.58315273334391
91.00000009602152,86.41677757224944
89.99999994703836,85.83202746250595
88.99999979805519,85.93135983146784
88.99999979805519,86.68661862267581
88.99999979805519,87.94777704470225
88.99999979805519,89.60211873373554
88.00000019426713,91.63137256592539
88.99999979805519,93.84294182496511
88.99999979805519,96.29649920645512
89.99999994703836,98.898013546123
92.0000002450047,101.67301442296714
92.0000002450047,103.34522597224688
92.99999984879275,103.36793552951893
92.0000002450047,101.75714893293554
91.00000009602152,99.55672100864477
91.00000009602152,97.57165919309654
91.00000009602152,96.204237881821
91.00000009602152,95.32398970329487
91.00000009602152,94.77758343850556
91.00000009602152,94.39332283473189
92.0000002450047,94.18445967700852
92.0000002450047,94.05855286261253
92.0000002450047,93.89774538300381
92.99999984879275,93.4222259321116
92.99999984879275,92.63868814294612
93.99999999777592,91.92533250299309
93.99999999777592,91.38729852696953
92.99999984879275,91.12043860342567
92.99999984879275,90.81627697538772
92.0000002450047,90.37145827914874
89.99999994703836,89.94838741600098
88.99999979805519,89.55538515377195
88.00000019426713,89.10082164006812
85.99999989630079,88.47883633963441
82.00000039075834,87.51295559126582
81.00000024177518,86.3316486263934
81.00000024177518,85.04150763211501
81.00000024177518,83.87387852225872
82.00000039075834,82.93192311626605
82.00000039075834,82.37811828118433
82.00000039075834,82.03899165491023
83.00000053974152,81.75168255303632
83.00000053974152,81.71420802169115
83.00000053974152,81.83263966588123
83.00000053974152,82.24434702727113
83.99999959833445,82.97081515490723
83.99999959833445,84.08317238412202
85.99999989630079,85.78189786217823
87.00000004528397,87.91839320884652
88.99999979805519,90.43469818637907
89.99999994703836,93.07767216107675
92.0000002450047,95.6084865524728
92.99999984879275,97.9284392371569
94.99999987416153,100.01958975211535
96.9999999676797,101.7432181073866
97.99999999740145,103.09867129552302
99.00000006119788,103.93841788313314
99.99999993758348,104.14976604018541
100.99999995026788,103.87111463671934
99.99999993758348,102.0830033293582
99.00000006119788,99.62216295893991
99.00000006119788,97.14950780150828
97.99999999740145,95.13100289988418
96.00000002314471,93.59265801366256
94.99999987416153,92.24149878224276
93.99999999777592,90.68264692700902
92.0000002450047,88.93975573797543
89.99999994703836,86.99591871466173
88.99999979805519,84.98779719027957
88.00000019426713,83.20907196199838
85.99999989630079,81.91425973598457
83.99999959833445,80.9585479668794
81.00000024177518,80.13036169646323
78.99999994380883,79.5230252435434
76.00000058724956,79.16263600782938
74.00000028928322,78.90786851191058
71.99999999131688,78.69311179500656
69.99999969335055,78.51706393118545
67.99999939538421,78.45739995870683
65.99999909741787,78.49262828618296
65.00000003882492,78.54062072166442
64.00000098023199,78.66330488774248
62.999999740858584,78.91370428040918
62.999999740858584,78.21165653231238
62.999999740858584,77.14455049754662
64.00000098023199,76.01150638493212
64.00000098023199,75.11945813966072
65.00000003882492,74.57478859390656
65.99999909741787,74.44052230283
67.99999939538421,74.56232979516501
69.0000006347576,74.77294957154518
69.99999969335055,75.05980507108438
71.00000093272394,75.5556556655645
71.99999999131688,76.31541994919327
72.99999904990983,77.48316682119415
74.99999934787616,79.39859863388148
76.99999964584251,81.72129991973202
78.99999994380883,84.2759599187186
80.000000092792,86.66075892803596
81.00000024177518,88.5307999763251
82.00000039075834,89.40583322728854
82.00000039075834,89.15224880476678
82.00000039075834,88.02948761719449
81.00000024177518,86.50838779761887
80.000000092792,84.84844095762016
80.000000092792,83.20027251286093
78.99999994380883,81.81515416819002
78.99999994380883,80.30762861655889
78.99999994380883,78.82555059206152
78.99999994380883,77.38369270150265
78.0000008852159,76.21460683030216
78.0000008852159,75.33125771826727
76.99999964584251,74.71270333068497
76.00000058724956,74.12067813734234
76.00000058724956,73.53327183700418
74.99999934787616,73.01724030019002
74.00000028928322,72.49612318335392
71.99999999131688,71.90434223742228
71.00000093272394,71.36990709434521
71.00000093272394,71.43498376391406
69.99999969335055,71.86619166413595
69.99999969335055,72.54497702711525
69.99999969335055,73.21785901740185
69.0000006347576,73.7986728184234
69.0000006347576,74.06116463871514
69.0000006347576,73.97123361429635
69.99999969335055,73.59787527721423
69.99999969335055,73.0664387072633
71.00000093272394,72.75206611993818
71.00000093272394,72.74779397102608
71.00000093272394,72.85386713237556
71.00000093272394,72.62825885192558
71.00000093272394,72.15136578194405
71.00000093272394,71.5489709775361
71.00000093272394,70.78575015688557
71.00000093272394,69.69901927880187
69.99999969335055,68.44743884453544
69.99999969335055,67.1657592784239
69.99999969335055,66.09938816667162
69.99999969335055,65.21029487891725
69.99999969335055,64.37832059285009
69.99999969335055,63.77727132998311
69.99999969335055,63.60810164771826
69.0000006347576,63.39205827034556
65.99999909741787,63.085734943681224
64.00000098023199,62.68151202081417
62.999999740858584,62.20068918445204
60.999999442892246,61.66219342816705
59.000001325706364,61.10021066637767
58.00000008633297,60.173134725432035
56.000001969147085,59.022860266439615
55.00000072977369,57.82547658805017
53.99999949040029,56.56153985172357
52.00000137321441,55.28278253142224
49.999998894467616,53.91312592017995
49.999998894467616,52.925123334872026
49.00000201665513,52.2644210034287
49.999998894467616,52.05124971391574
49.999998894467616,52.27961668164176
51.00000013384101,52.642136539860665
51.00000013384101,53.04056512905779
52.00000137321441,53.31045415665417
52.00000137321441,53.656522207117725
52.999998251026895,54.06023700813868
52.999998251026895,54.6184208503748
53.99999949040029,55.474220162916936
53.99999949040029,56.53557984118278
56.000001969147085,58.40059637130274
56.99999884695957,60.31768121557524
59.000001325706364,62.041636142719675
59.000001325706364,63.505184075687716
59.99999820351885,64.54222805187612
60.999999442892246,65.38748983325789
60.999999442892246,66.06495582406168
62.00000068226564,66.64317013478043
62.999999740858584,67.3416370413695
65.00000003882492,68.25012400971352
65.99999909741787,69.24579203832208
67.99999939538421,70.42581234272582
67.99999939538421,70.34753540906057
67.99999939538421,69.58971420081754
67.99999939538421,68.53274661438883
67.99999939538421,67.56808710307524
67.00000033679126,66.86388038232764
67.00000033679126,66.51745250308893
65.99999909741787,66.42365277414231
65.99999909741787,66.46510941059901
65.99999909741787,66.55631837236464
65.99999909741787,66.69938193179819
65.00000003882492,67.07680306286868
65.99999909741787,67.89489450055692
65.99999909741787,69.09463778339908
65.99999909741787,70.6518894909737
67.99999939538421,72.5912095727692
69.99999969335055,75.03138514018993
71.99999999131688,77.56116243418066
74.00000028928322,80.16300143753884
76.00000058724956,82.59262202755554
76.99999964584251,84.66613643467258
78.99999994380883,86.40558580695246
80.000000092792,87.7674897436759
80.000000092792,88.76676532835276
81.00000024177518,89.30106853421229
82.00000039075834,88.90352425148983
82.00000039075834,87.79518347467871
82.00000039075834,86.41567845889995
82.00000039075834,85.29193537492762
83.00000053974152,84.68818194429598
83.00000053974152,84.68909569130678
83.00000053974152,84.88060746933695
83.99999959833445,85.0614617732817
83.99999959833445,85.09707173733753
83.99999959833445,84.75177132159428
83.99999959833445,84.24420993606878
83.99999959833445,83.97446920154337
83.99999959833445,84.05242337970122
83.99999959833445,84.54406506790248
83.99999959833445,85.37765313150662
83.00000053974152,86.50702262905381
83.00000053974152,87.54977152691347
82.00000039075834,88.35748026885366
82.00000039075834,88.90079936631084
81.00000024177518,89.2520107874784
82.00000039075834,89.73921022589204
82.00000039075834,90.7085077120391
83.00000053974152,91.97282499455514
84.99999974731763,93.56028650858296
84.99999974731763,93.83536279509
85.99999989630079,93.33066204832686
87.00000004528397,92.47244942961329
87.00000004528397,91.69607959320707
88.00000019426713,91.32251844354259
88.00000019426713,91.39654885246611
88.99999979805519,91.61102588427674
88.99999979805519,91.66474559442912
88.99999979805519,91.18950010408162
88.99999979805519,89.98955727982779
88.99999979805519,88.36065766597716
88.99999979805519,87.12290337979779
88.00000019426713,86.33445092927856
88.00000019426713,85.88123023114012
87.00000004528397,85.82590383098724
85.99999989630079,86.02701322380153
84.99999974731763,86.5116851376674
83.99999959833445,87.03315554093727
83.99999959833445,87.7960536060804
83.00000053974152,88.73160405987564
83.00000053974152,89.79856670832645
82.00000039075834,90.87382286484906
81.00000024177518,91.89289830047541
80.000000092792,93.1672907886953
82.00000039075834,94.50156914380514
83.00000053974152,94.95603125121781
83.00000053974152,94.43806863331041
82.00000039075834,93.31695802394528
82.00000039075834,91.96375621903147
81.00000024177518,90.54708852351264
81.00000024177518,89.1208668288188
82.00000039075834,87.73044046451952
82.00000039075834,86.20660921742353
82.00000039075834,84.49089982118088
82.00000039075834,82.59613526486913
81.00000024177518,80.85553225972836
80.000000092792,79.14040513186728
78.99999994380883,77.60109034353813
78.0000008852159,76.6091056531187
76.99999964584251,75.9458561701035
76.00000058724956,75.64357164884251
74.99999934787616,75.4116805399006
74.00000028928322,75.13097702202602
71.99999999131688,74.86818861559235
69.99999969335055,74.4701918209254
67.99999939538421,73.95228699370006
65.99999909741787,73.12664787485576
64.00000098023199,72.13157738009197
62.00000068226564,71.88891539648095
60.999999442892246,71.85249200131528
62.00000068226564,71.80573824913247
62.00000068226564,71.69754318839992
62.999999740858584,71.73665112430618
64.00000098023199,71.86073971299751
64.00000098023199,72.17398919838811
65.00000003882492,72.56897869680711
64.00000098023199,72.80038131092701
64.00000098023199,72.50570335189438
64.00000098023199,71.75314654767064
64.00000098023199,70.80210164873998
65.00000003882492,70.7714398755374
67.00000033679126,71.60589807054322
69.0000006347576,73.26054343325491
69.99999969335055,75.1715199114719
71.00000093272394,76.83289516266889
71.99999999131688,77.86091288855249
71.99999999131688,78.3524978764619
72.99999904990983,78.65592076512058
74.00000028928322,79.09997346222463
76.00000058724956,79.78593577368257
78.0000008852159,80.69150703855775
81.00000024177518,81.73209042142523
83.99999959833445,84.35683198112575
84.99999974731763,86.45535994006596
83.99999959833445,87.53155546776972
83.00000053974152,88.0587286119304
82.00000039075834,88.48346177498027
82.00000039075834,88.93932121746971
81.00000024177518,89.19783256823527
81.00000024177518,88.86917695931766
81.00000024177518,87.94086397065871
81.00000024177518,86.32900115892058
81.00000024177518,84.24641688588963
81.00000024177518,82.00805510337028
80.000000092792,80.37473995429261
78.0000008852159,79.06196245888742
76.00000058724956,78.09041604289577
74.99999934787616,77.3287021415399
74.99999934787616,76.79833851557301
74.00000028928322,76.37791239392251
74.00000028928322,75.89065625521702
72.99999904990983,75.42922928022502
72.99999904990983,75.07094885921136
71.99999999131688,74.83485102477103
71.00000093272394,74.70527123089306
69.99999969335055,74.59699548128366
65.99999909741787,74.62142676472523
65.99999909741787,74.24471874886365
65.99999909741787,73.59540663373875
65.99999909741787,72.99738429414383
65.99999909741787,72.45402539744336
65.99999909741787,72.03144248392249
65.99999909741787,71.5322771031502
65.99999909741787,70.85262378954965
65.99999909741787,70.25795985185601
67.00000033679126,69.67033765425278
67.99999939538421,69.34686030852646
69.0000006347576,69.50517406568446
69.99999969335055,70.12646533273823
69.99999969335055,71.12218351929727
71.00000093272394,72.49820364790835
72.99999904990983,74.31922511312156
74.00000028928322,76.38676854335179
74.99999934787616,78.70111307849733
76.99999964584251,81.3178424508048
78.0000008852159,83.73848476768673
80.000000092792,85.89016270788535
81.00000024177518,87.5838374984069
82.00000039075834,88.71809030858878
82.00000039075834,89.34843726648351
82.00000039075834,89.12000214936826
82.00000039075834,88.3159145933742
82.00000039075834,87.28416773291191
82.00000039075834,86.3337399948501
82.00000039075834,85.58495812159462
82.00000039075834,84.73755045224476
83.00000053974152,83.75925888230464
83.00000053974152,82.65269162519886
83.00000053974152,81.50845574728737
83.00000053974152,80.53253250492178
83.00000053974152,79.91600406238254
83.00000053974152,79.72338226710058
83.99999959833445,80.42925728489655
83.99999959833445,81.32027838257346
83.99999959833445,82.20091024216096
83.00000053974152,82.87989623694216
82.00000039075834,82.98156422177178
80.000000092792,82.30734323228558
76.99999964584251,80.98053895699141
74.99999934787616,79.2223152457712
72.99999904990983,77.17722295032905
69.99999969335055,75.02688400933003
67.99999939538421,72.94505428633664
65.99999909741787,71.10154897462851
65.99999909741787,69.79689706720005
65.00000003882492,68.61980337016742
64.00000098023199,67.41985945552337
64.00000098023199,66.19310938752183
64.00000098023199,65.20113778178512
62.999999740858584,64.41180647674238
62.999999740858584,63.49697997961459
62.00000068226564,62.720783515254574
62.00000068226564,61.925670961224625
60.999999442892246,61.163287560268955
60.999999442892246,60.71201429907717
59.99999820351885,60.60449746106624
59.99999820351885,61.707411910909265
59.99999820351885,63.196991820173125
59.000001325706364,64.53159020481479
59.000001325706364,65.60468684349146
59.000001325706364,66.1875985553111
59.000001325706364,66.22112151247113
59.000001325706364,65.9407233038603
59.99999820351885,65.43663372081977
60.999999442892246,64.84803453357253
62.00000068226564,64.45120663722966
62.999999740858584,64.29825323843097
64.00000098023199,64.582038199089
65.00000003882492,65.26471625518116
65.00000003882492,65.84772174056036
65.99999909741787,66.23761039349422
65.99999909741787,66.593539933177
65.99999909741787,67.18100293380698
67.00000033679126,67.94056876641432
67.00000033679126,68.72448737436682
67.00000033679126,69.28656827127669
67.00000033679126,69.62243899233091
67.99999939538421,69.51196501602249
67.99999939538421,69.16550878663787
67.99999939538421,68.97358484110164
67.99999939538421,69.6261048842764
67.99999939538421,70.58069791300795
69.0000006347576,72.0958714616961
69.99999969335055,74.24225664772953
71.99999999131688,76.70773799155442
74.00000028928322,79.25300536911969
74.99999934787616,81.66135680735512
76.99999964584251,83.72055875234354
78.0000008852159,85.66142936904282
80.000000092792,87.61255183466282
81.00000024177518,89.49136725311416
82.00000039075834,91.27131698962106
82.00000039075834,91.3583481212293
82.00000039075834,90.57476317268647
82.00000039075834,89.75299821032115
82.00000039075834,89.31194735751393
83.00000053974152,89.29101731709346
83.00000053974152,89.62572513696986
83.99999959833445,90.31033427415524
83.99999959833445,91.07404849638381
84.99999974731763,91.55709463842018
84.99999974731763,91.6960534238416
85.99999989630079,91.48430672916112
85.99999989630079,91.09404189159869
84.99999974731763,90.1210408950433
83.99999959833445,89.07651138994181
83.99999959833445,88.42849520360252
83.00000053974152,88.48661736429919
83.00000053974152,89.14709180418492
83.00000053974152,90.21214190817639
83.00000053974152,91.69582280630846
83.99999959833445,93.3910042435271
84.99999974731763,95.24002038744597
85.99999989630079,97.17644500614125
87.00000004528397,99.21728116777777
88.99999979805519,101.53002119370328
92.99999984879275,104.68879881365754
96.9999999676797,107.64773952619323
97.99999999740145,109.2348046833733
97.99999999740145,109.80926150936743
99.00000006119788,109.9548940281774
99.00000006119788,110.10199421223386
99.99999993758348,110.44640486955133
99.99999993758348,110.93931795275806
100.99999995026788,111.42085608510955
102.00000009925104,111.66497483006475
102.00000009925104,111.64924922220104
103.00000024823422,111.15122220882645
103.99999985202227,110.0369219042259
103.99999985202227,108.30843967685611
103.99999985202227,106.33093467448208
103.99999985202227,104.47701395531908
103.00000024823422,102.74810647576048
100.99999995026788,100.98499018358864
99.00000006119788,99.28621454758196
96.9999999676797,97.76402747265055
96.00000002314471,96.52202679802825
93.99999999777592,95.71371152652391
92.0000002450047,95.33366637137048
88.99999979805519,95.13587449082394
83.99999959833445,94.14836012774046
80.000000092792,92.6899462971595
78.99999994380883,91.02030207167084
78.0000008852159,89.46980587675188
76.99999964584251,88.38350570280812
76.99999964584251,87.94198925337369
76.99999964584251,88.05943191362726
76.00000058724956,88.61486033975801
76.00000058724956,89.3699201347494
83.99999959833445,90.20032753005938
99.00000006119788,90.97477773446977
103.00000024823422,91.45987871689023
99.00000006119788,91.67864697944191
87.00000004528397,91.7862014359157
76.99999964584251,92.03194704309061
78.0000008852159,92.71850361722264
80.000000092792,93.72838079348577
82.00000039075834,94.97323352004737
83.00000053974152,96.20239662162277
84.99999974731763,97.1293441691191
85.99999989630079,97.65755481958142
85.99999989630079,97.72822628140855
87.00000004528397,97.57604337960451
88.00000019426713,97.46902689440931
88.99999979805519,97.01053245578528
89.99999994703836,96.25047438013954
91.00000009602152,95.51697350813242
92.0000002450047,95.03552342479182
92.99999984879275,95.03591160371288
92.99999984879275,95.54899254457092
92.99999984879275,96.39121867955879
93.99999999777592,97.2134811324655
93.99999999777592,97.73986837786957
93.99999999777592,97.83142367483127
93.99999999777592,97.45436918747484
93.99999999777592,96.78685580162364
93.99999999777592,96.40821895359868
92.99999984879275,96.20730978368995
92.99999984879275,96.37055387656122
92.99999984879275,97.07952505740872
92.99999984879275,98.22847128480502
92.99999984879275,99.72368892044237
93.99999999777592,101.60138450812987
94.99999987416153,103.93683354613232
96.00000002314471,106.5429817716703
97.99999999740145,109.2843585576608
99.99999993758348,112.12058130202136
103.00000024823422,115.13032874721617
106.99999975377666,118.37364214074262
111.00000034970934,121.06880982446904
112.00000049869251,122.59537140869516
112.99999955728545,123.07672199392749
113.99999970626862,123.17877379611724
116.00000000423496,123.3515003313048
116.9999990628279,123.5903612145821
116.9999990628279,123.73623361924217
118.0000003022013,123.73605043368393
118.99999936079423,123.71397439313415
118.99999936079423,123.50362721431091
120.00000060016764,122.91054216166695
120.99999965876057,121.630129629
122.00000089813398,120.16118862596582
122.99999995672691,119.00681429971729
122.99999995672691,118.24735096379136
122.99999995672691,117.74173919599298
122.99999995672691,117.57256951372813
122.00000089813398,117.78816801188793
122.00000089813398,118.31694621046377
120.99999965876057,119.05023581936427
120.00000060016764,119.88958986649243
120.00000060016764,120.93316309936422
118.99999936079423,122.13236991021436
116.9999990628279,122.6564616115916
113.99999970626862,122.00478553045306
112.00000049869251,120.32979784765364
111.00000034970934,118.47666875179593
109.000000051743,116.90493448121717
106.99999975377666,115.47634227816835
103.99999985202227,113.91771449812639
102.00000009925104,111.93784716532407
99.00000006119788,109.41182735605796
96.9999999676797,106.42824109840095
94.99999987416153,103.1203656994931
92.99999984879275,99.64412723449134
91.00000009602152,96.18744028406469
88.99999979805519,92.63638305800478
87.00000004528397,89.21135885900974
83.99999959833445,85.98588370441314
81.00000024177518,83.1527772953233
78.99999994380883,80.52293707091812
76.00000058724956,78.0727582635486
72.99999904990983,75.88254811348394
69.0000006347576,73.91257716238812
65.99999909741787,72.10417587367017
62.00000068226564,70.57264429078626
59.000001325706364,69.28416287043441
56.99999884695957,68.5393500176077
56.000001969147085,67.75336839134441
56.000001969147085,66.99300439309042
56.99999884695957,66.50439398972215
56.99999884695957,66.42686506375308
58.00000008633297,66.51217937594784
59.000001325706364,66.86531533586727
60.999999442892246,67.44390692160479
71.00000093272394,68.32622234370385
88.99999979805519,69.68501212593699
99.00000006119788,71.54034381005464
97.99999999740145,74.06111666154513
88.99999979805519,77.1012183898983
76.99999964584251,81.0014940763871
82.00000039075834,86.07700979652148
88.00000019426713,92.1688095532993
93.99999999777592,98.59168394971485
99.99999993758348,104.57153497740131
106.00000014998861,109.41502874176645
110.00000020072618,112.5817683911633
112.99999955728545,113.89150369783323
114.99999985525179,113.38488877102537
116.00000000423496,111.43151573997542
114.99999985525179,108.54784357446678
113.99999970626862,105.71891826670502
112.99999955728545,103.09930808341599
111.00000034970934,100.87684146444077
110.00000020072618,99.22013199302806
109.000000051743,97.9105727843799
106.99999975377666,96.80906139416234
106.00000014998861,95.70312615449228
103.99999985202227,94.53277692991425
102.00000009925104,93.26296462584575
99.99999993758348,91.83536058894077
97.99999999740145,90.20889908763924
94.99999987416153,88.7988582387292
92.99999984879275,88.25223471368702
88.99999979805519,87.76925617584475
84.99999974731763,87.00214702364228
78.99999994380883,85.95745723117733
74.00000028928322,84.63294931770267
69.0000006347576,82.98862558888628
65.00000003882492,80.95669212271187
62.00000068226564,78.52958379177977
59.99999820351885,75.85937514036512
58.00000008633297,72.99741264428975
56.99999884695957,70.17411102412728
56.99999884695957,67.50016451501212
56.99999884695957,65.20027855428572
56.99999884695957,63.18673124813058
56.99999884695957,61.57311290812587
58.00000008633297,60.404633293891976
58.00000008633297,59.65816959026055
59.000001325706364,59.35899268114848
59.000001325706364,59.493799805777975
59.99999820351885,59.9314562738064
59.99999820351885,60.66990342848386
60.999999442892246,61.53203572746842
60.999999442892246,62.34660956628213
60.999999442892246,63.12554945245502
60.999999442892246,64.59541728718273
60.999999442892246,66.54848064740801
62.00000068226564,68.78661999032092
62.999999740858584,71.09898437681298
62.999999740858584,73.45819192748652
64.00000098023199,75.33332945969987
65.00000003882492,76.62745255908978
65.99999909741787,77.24650634539634
67.99999939538421,77.13818698017784
69.0000006347576,76.43130008025057
69.99999969335055,75.36606297433505
71.00000093272394,74.13497533400778
71.99999999131688,73.17849374940187
72.99999904990983,72.35493945667291
72.99999904990983,71.91000354348444
72.99999904990983,71.91775403722285
72.99999904990983,72.0739589796805
74.00000028928322,72.31687175304387
74.00000028928322,72.57461165272335
74.00000028928322,72.92322249319787
74.99999934787616,73.38205433944799
74.99999934787616,73.81520313427515
74.99999934787616,74.03499527325063
74.00000028928322,73.86943042107852
74.99999934787616,74.4948215553884
74.00000028928322,75.30495532519498
74.00000028928322,75.97962773623544
72.99999904990983,76.44394642611128
71.99999999131688,76.80442071226305
71.00000093272394,77.23980480705697
71.00000093272394,77.73894183768334
71.00000093272394,78.15802241779286
69.99999969335055,78.30711147362462
69.99999969335055,77.89769393171287
69.0000006347576,76.89652815557629
67.99999939538421,75.36189550288483
67.00000033679126,73.27277325004866
65.00000003882492,70.85124117474095
64.00000098023199,68.41203823540333
62.999999740858584,66.20292508035148
62.00000068226564,64.30105554131613
60.999999442892246,62.778534943273826
59.99999820351885,61.40781411116931
59.000001325706364,60.032347900793894
56.99999884695957,58.686361480614245
56.99999884695957,57.46083264966772
56.000001969147085,56.56245141795392
56.000001969147085,55.80083129015763
55.00000072977369,55.139025483803884
53.99999949040029,54.403343558743835
52.999998251026895,53.79605290221357
52.00000137321441,53.16423282712123
49.999998894467616,52.427573912417174
46.99999953790834,51.54037572287854
42.99999894197566,50.54845645587276
38.999998346042986,49.51378953038071
34.00000087229782,48.38433716317622
31.000001515738546,47.22328092561242
28.00000215917926,46.12524052008716
27.00000091980587,45.08393966044986
28.00000215917926,44.147455832619734
28.00000215917926,43.30536490602008
30.000000276365142,42.54713807261236
31.000001515738546,41.95252211208874
32.99999963292443,41.49362920398587
35.000002111671215,41.11350172437025
37.0000002288571,40.81793618769229
38.999998346042986,40.57459598135966
41.00000082478978,40.316954216800674
42.000002064163176,40.12790235912416
42.000002064163176,39.989584177961504
41.00000082478978,39.95954610796916
38.999998346042986,40.02685371594387
37.0000002288571,40.06765175670304
35.000002111671215,40.06683178325182
32.99999963292443,40.02555397079247
31.000001515738546,39.96443977931102
28.999999036991753,39.85519576317944
28.00000215917926,39.77573248494646
27.00000091980587,39.72515146306448
28.00000215917926,39.70857753160362
30.000000276365142,39.72380374074306
31.000001515738546,39.783155861616564
31.999998393551024,39.92444426575943
34.00000087229782,40.222556954009285
35.000002111671215,40.54056708313397
37.0000002288571,40.88015821564507
38.000001468230494,41.385732910175705
38.999998346042986,42.04253164460391
38.999998346042986,42.82814035740933
39.99999958541638,43.52060357540475
44.00000018134906,44.060281314696546
46.99999953790834,44.547790423934856
49.00000201665513,45.02144721572062
49.00000201665513,45.4659426112571
48.000000777281734,45.98338511302589
45.99999829853494,46.44954874316698
45.000001420722455,46.79659814483545
45.000001420722455,46.906042792768936
45.000001420722455,46.80514680422053
44.00000018134906,46.53796630594973
42.99999894197566,46.196796288388946
42.000002064163176,45.796980722822205
42.000002064163176,45.36612392825364
41.00000082478978,44.934647792035754
39.99999958541638,44.555545279234174
39.99999958541638,44.23786226717778
38.999998346042986,43.98689805237316
38.000001468230494,43.81405811660191
37.0000002288571,43.65871240164368
37.0000002288571,43.53409824486261
37.0000002288571,43.4677240109228
37.0000002288571,43.43922557193195
37.0000002288571,43.603154838762535
37.0000002288571,43.8223712516978
38.000001468230494,43.94722965588988
39.99999958541638,43.921718886122896
42.000002064163176,43.87728330356416
42.99999894197566,43.91599651820799
42.000002064163176,44.14271045434884
41.00000082478978,44.3778683724129
38.999998346042986,44.55152828163537
37.0000002288571,44.57713064418148
35.000002111671215,44.479619226899814
35.9999989894837,44.292451563536744
37.0000002288571,44.05965761148631
37.0000002288571,43.78050899007641
38.000001468230494,43.5023286351887
38.000001468230494,43.23822303735998
38.999998346042986,42.99707669616546
38.999998346042986,42.8159585177856
38.999998346042986,42.7611511433811
38.999998346042986,42.83289009724114
39.99999958541638,42.897685446131256
39.99999958541638,42.96080595563165
39.99999958541638,43.074367917064876
39.99999958541638,43.24195217193867
38.999998346042986,43.489697554791164
39.99999958541638,43.859741105581115
39.99999958541638,44.36725233315613
41.00000082478978,44.9323143569485
42.99999894197566,45.6095949814136
44.00000018134906,46.293287100417494
44.00000018134906,47.10037213914745
45.99999829853494,48.22442925550535
46.99999953790834,49.31625007517188
49.00000201665513,50.142595766883716
51.00000013384101,50.80047616841779
52.00000137321441,51.25352894646116
52.00000137321441,51.46696629118968
52.999998251026895,51.49090689902879
53.99999949040029,51.34751186096603
53.99999949040029,51.163401651801394
53.99999949040029,50.92996218873617
55.00000072977369,50.71789001257271
55.00000072977369,50.6097320251079
55.00000072977369,50.698895414806394
55.00000072977369,50.84670435251084
55.00000072977369,51.127327181508576
55.00000072977369,51.70470625331291
55.00000072977369,52.60569133689043
56.000001969147085,53.65765185139361
56.000001969147085,54.85857711724258
56.99999884695957,55.95632965974774
56.99999884695957,56.970235555304605
64.00000098023199,58.05748982069758
71.00000093272394,59.364667071893365
67.99999939538421,60.95267214544969
62.00000068226564,62.68864317290325
59.99999820351885,64.34573100972496
60.999999442892246,65.7670110559069
62.00000068226564,67.2424704117222
62.999999740858584,69.19802858478843
65.99999909741787,71.67239006662763
67.99999939538421,74.5828945548592
71.00000093272394,77.42408293631667
74.00000028928322,79.51587446443021
74.99999934787616,80.39626425738717
76.00000058724956,80.02570604240975
76.00000058724956,78.76892226597678
76.00000058724956,77.24893791560407
76.00000058724956,75.55467431435957
76.00000058724956,73.99139929116723
76.00000058724956,72.88607289814055
76.00000058724956,72.2925865818928
76.00000058724956,71.99768182169282
76.00000058724956,71.80738037681537
74.99999934787616,71.550637093804
74.00000028928322,71.1189472411015
74.00000028928322,70.58140884743642
72.99999904990983,69.94554778616026
71.99999999131688,69.32950565766258
69.99999969335055,68.39157161082963
67.99999939538421,67.34325299968692
67.00000033679126,66.34452969766039
65.00000003882492,65.44187413625404
64.00000098023199,64.74111304862592
60.999999442892246,64.15945310478767
59.000001325706364,63.59099778660674
56.000001969147085,62.9716256063537
53.99999949040029,62.281125090768114
52.999998251026895,61.49688590808867
52.999998251026895,60.67392478764358
53.99999949040029,59.95303291563188
53.99999949040029,59.30422892235308
53.99999949040029,58.68618265661691
55.00000072977369,58.09535689252472
56.000001969147085,57.671024993078646
56.000001969147085,57.62479244742468
56.99999884695957,57.779069579959774
56.99999884695957,57.97431049256864
58.00000008633297,58.028585756542036
58.00000008633297,57.89687970172008
59.000001325706364,57.624155659531716
59.000001325706364,57.3384298042684
59.000001325706364,57.05791165273253
59.99999820351885,56.63498853746062
59.99999820351885,56.18685560012458
59.99999820351885,55.76076163007056
59.99999820351885,55.36272994291632
59.99999820351885,54.973390846657196
59.000001325706364,54.52542364863576
59.000001325706364,54.063582325357224
59.000001325706364,53.686669316132836
58.00000008633297,53.35118241243876
58.00000008633297,53.09909291491916
56.99999884695957,52.89474942468956
56.99999884695957,52.73891957647024
56.99999884695957,52.775888166749766
56.99999884695957,52.92380614347698
56.99999884695957,53.141482925410756
56.99999884695957,53.56767721136572
58.00000008633297,54.28629671014291
58.00000008633297,55.25831417471293
58.00000008633297,56.23156159945978
58.00000008633297,56.99533197678507
58.00000008633297,57.44964524593165
59.000001325706364,57.723834772586024
59.000001325706364,57.91251153602421
59.000001325706364,58.09739374147004
59.99999820351885,58.314433735510846
60.999999442892246,58.59227388864752
62.00000068226564,58.84773487275113
64.00000098023199,59.0846810307886
65.00000003882492,59.280497669437686
65.99999909741787,59.42951912107532
67.00000033679126,59.511062863862726
67.99999939538421,59.52408212318132
69.0000006347576,59.57052838531991
69.0000006347576,59.6263432802948
69.99999969335055,59.77128231091997
71.00000093272394,59.99227387914591
71.99999999131688,60.625367530024185
72.99999904990983,61.48887372069562
74.00000028928322,62.55893471297841
74.99999934787616,63.8636389591378
76.00000058724956,65.49733138323424
76.00000058724956,67.33250175204194
76.99999964584251,69.15253314292839
76.99999964584251,70.78987183194621
76.99999964584251,72.0376140926112
76.99999964584251,72.82853954816683
76.99999964584251,73.1896484414311
78.0000008852159,73.33030660002238
76.99999964584251,73.24306447790508
76.99999964584251,72.96601158651279
76.99999964584251,72.52678059499559
76.00000058724956,72.16522464173796
74.99999934787616,71.68634706154202
74.00000028928322,71.11935286626618
74.00000028928322,70.50127825038409
72.99999904990983,69.82449702464328
72.99999904990983,69.1383602507489
71.99999999131688,68.51613342887977
71.99999999131688,67.76882794399256
71.00000093272394,67.05570837352383
69.99999969335055,66.40029225390434
69.0000006347576,65.89987074358976
67.00000033679126,65.6178369496374
65.99999909741787,65.74427641965961
65.00000003882492,66.23244412459545
64.00000098023199,66.82513227519652
62.999999740858584,67.33569005306768
62.00000068226564,67.62130250774732
60.999999442892246,67.54353151514772
65.99999909741787,67.17201811833084
67.99999939538421,66.69449480279769
60.999999442892246,66.30589062955204
60.999999442892246,66.08492086913066
60.999999442892246,66.08801757737729
62.00000068226564,66.16110861511964
62.00000068226564,66.47098443314579
62.999999740858584,66.89090461373064
64.00000098023199,67.32505656756727
65.00000003882492,67.72481543284218
65.99999909741787,68.13591435648503
67.00000033679126,68.41148431716766
67.99999939538421,68.63642091723739
69.0000006347576,69.0220505059419
69.99999969335055,69.43311671787794
71.00000093272394,69.97885702683567
71.99999999131688,70.57509766879855
72.99999904990983,71.45010311481118
74.00000028928322,72.81714278950703
74.99999934787616,74.6062201826099
74.99999934787616,76.49005248649883
74.99999934787616,77.99207156748015
74.99999934787616,79.0064768617613
78.0000008852159,79.5725834793918
88.00000019426713,79.8417288608529
87.00000004528397,80.14009670041602
78.0000008852159,80.91858516503464
81.00000024177518,83.0088370621467
83.99999959833445,86.32682692080657
88.00000019426713,90.61633920687309
92.0000002450047,95.3762384770301
94.99999987416153,99.70957272855472
96.9999999676797,102.84357395656035
97.99999999740145,104.42487967255776
99.99999993758348,104.64275163434229
99.99999993758348,104.0128435585142
100.99999995026788,102.89221680981262
102.00000009925104,101.55384894615382
102.00000009925104,100.34749026580027
103.00000024823422,99.5334826121123
103.00000024823422,98.78699410210318
103.00000024823422,98.33983474694168
103.00000024823422,98.58128380772317
102.00000009925104,99.54450345874109
102.00000009925104,100.9094861122724
102.00000009925104,102.30881551278077
102.00000009925104,103.4746542018832
105.00000000100545,104.46783614077263
122.99999995672691,105.22240962172249
127.99999961125253,105.80913824453414
120.00000060016764,106.39197799059873
103.99999985202227,107.07704236570417
97.99999999740145,107.34495996776889
94.99999987416153,106.8003912831108
92.0000002450047,105.26121388395033
88.99999979805519,102.99215325496066
87.00000004528397,100.2635885541455
84.99999974731763,97.42370128082723
83.99999959833445,94.5193397785409
83.00000053974152,91.59030247280442
81.00000024177518,88.83002976936321
80.000000092792,86.36883093315757
80.000000092792,84.40738247208135
78.99999994380883,83.47979186694825
78.0000008852159,82.79754124382535
78.0000008852159,82.32392152530733
78.99999994380883,82.313724195898
78.99999994380883,82.98682644501059
80.000000092792,84.25819310034865
81.00000024177518,85.86039069310856
83.00000053974152,87.49405040549817
83.99999959833445,88.88641384803695
88.00000019426713,90.08092489337155
93.99999999777592,91.34820640172158
91.00000009602152,92.52928820101198
85.99999989630079,93.30734732447844
85.99999989630079,93.5858166327765
85.99999989630079,93.47075129581684
87.00000004528397,93.13648235800709
87.00000004528397,92.64275039173937
88.00000019426713,92.31845252736672
89.99999994703836,92.42206467797229
92.99999984879275,93.4776079421661
96.00000002314471,95.55724979716764
100.99999995026788,98.62179998260848
106.99999975377666,102.18777510997093
118.0000003022013,107.26983862342257
123.99999901531986,112.58000632055534
129.00000085062592,117.88889171878037
132.00000020718522,122.74793880935323
134.9999995637445,126.95997668896209
136.00000080311787,130.77132451004158
137.99999892030377,134.17133788318904
139.00000015967717,137.07954382882065
139.00000015967717,139.22647420996793
140.00000139905057,140.6647163665318
140.00000139905057,141.5216017077407
140.99999827686304,141.8888625826696
140.99999827686304,141.73273178674742
140.00000139905057,140.29500429437104
139.00000015967717,137.76916330910225
137.99999892030377,134.6275440697709
137.00000204249127,131.46546038664627
137.00000204249127,128.23210443667907
134.9999995637445,124.42912427020684
132.00000020718522,120.04365982488426
127.99999961125253,115.532290200751
122.00000089813398,111.10003274919742
116.00000000423496,106.9836024655327
109.000000051743,103.15141074486071
97.99999999740145,99.41010659343476
91.00000009602152,95.84365019508556
85.99999989630079,92.34811386753539
82.00000039075834,89.07502409767125
78.99999994380883,86.17285291675478
76.00000058724956,83.71132532789548
74.00000028928322,81.73498649786995
71.99999999131688,80.05887571313602
69.99999969335055,78.27505618171105
67.99999939538421,76.32254237816052
65.00000003882492,74.24477326837504
62.999999740858584,72.2471870943728
60.999999442892246,70.49572162178379
59.99999820351885,68.87946017586717
59.99999820351885,67.52994743369118
59.000001325706364,66.67532792337539
58.00000008633297,66.27744452929213
56.99999884695957,66.09974363388584
56.99999884695957,66.22852308133668
59.000001325706364,66.636300676346
59.99999820351885,67.44405957623667
62.999999740858584,68.63956996421494
65.00000003882492,69.86747584585783
67.00000033679126,71.15963406205744
69.0000006347576,72.44721918164213
71.99999999131688,74.26518101187644
74.00000028928322,75.57480509874316
74.99999934787616,76.22712451011601
76.00000058724956,76.69255975958501
76.99999964584251,77.18347960945553
76.99999964584251,77.83695483446974
76.99999964584251,78.53814771662803
76.99999964584251,79.02928782532453
76.99999964584251,79.23390391311106
78.0000008852159,79.11696828431337
78.0000008852159,78.5922921337741
78.99999994380883,77.92411190614928
81.00000024177518,78.5608976183385
83.00000053974152,80.07937068785563
84.99999974731763,82.20384775343436
87.00000004528397,84.65056130066029
88.99999979805519,87.10861272547372
91.00000009602152,89.58265199700062
92.0000002450047,91.9807619450225
93.99999999777592,94.29746008747449
94.99999987416153,96.27651358027062
96.00000002314471,97.69084088946448
96.00000002314471,98.44870734890196
96.00000002314471,98.51874447621414
96.00000002314471,98.78680110303289
94.99999987416153,98.9085464431249
96.00000002314471,99.03437066046115
96.00000002314471,99.39037516447208
96.9999999676797,100.05247101462639
97.99999999740145,100.99699483480038
99.00000006119788,102.15443915473494
99.00000006119788,103.39876522281658
99.99999993758348,104.44291200094814
100.99999995026788,105.1985011803951
102.00000009925104,105.98449807212157
103.99999985202227,107.15317777296225
103.00000024823422,107.14314836364798
103.99999985202227,106.8676552754764
105.00000000100545,107.25828048700907
106.00000014998861,108.4132261777369
109.000000051743,110.34391909205095
111.00000034970934,112.8944901276837
112.99999955728545,115.80856455352072
114.99999985525179,118.84928126196232
116.9999990628279,121.87866445437733
120.00000060016764,124.80063766702372
122.00000089813398,127.0585174346187
123.99999901531986,128.13522108416856
125.00000025469325,128.5891156434677
125.00000025469325,128.1102751365395
125.00000025469325,127.11162598104845
125.00000025469325,126.28702491370092
125.00000025469325,125.94622999037846
123.99999901531986,126.01894375310204
122.99999995672691,126.16753559098997
122.99999995672691,126.07041671419027
122.00000089813398,125.51899547214627
120.99999965876057,124.38118853501723
120.00000060016764,122.73923531455583
118.0000003022013,120.60338984046324
118.0000003022013,118.25588871927417
116.00000000423496,116.00610837029046
114.99999985525179,114.38437752699176
112.99999955728545,113.51809956436153
112.00000049869251,113.32794205099415
110.00000020072618,113.74643163960027
109.000000051743,114.39990032227313
106.99999975377666,114.98487505240354
105.00000000100545,114.90090628174974
100.99999995026788,113.75108324431159
97.99999999740145,111.32518306575176
94.99999987416153,107.79571856477321
92.99999984879275,103.8815453096374
91.00000009602152,100.14326126654458
91.00000009602152,96.97665887001764
89.99999994703836,94.79493154702807
89.99999994703836,93.64273200408867
89.99999994703836,93.27922806868928
89.99999994703836,93.40108926274299
89.99999994703836,93.57978868300027
89.99999994703836,93.45533617657046
89.99999994703836,92.8543727819339
89.99999994703836,92.00542820755813
91.00000009602152,91.23975400889529
91.00000009602152,90.75751911718831
92.0000002450047,90.45510920105114
92.0000002450047,90.20508381223256
91.00000009602152,90.09356796806159
88.99999979805519,89.66402345813205
87.00000004528397,88.7493365309534
83.00000053974152,87.30123233997523
80.000000092792,85.4707702761707
76.00000058724956,83.40639988150303
74.00000028928322,81.06212631538791
71.99999999131688,78.69204321258343
71.00000093272394,76.30824518149508
69.99999969335055,74.06343265038873
69.99999969335055,72.10531424106787
69.0000006347576,70.5922189761537
69.0000006347576,69.64795194287835
67.99999939538421,69.33647107043706
67.99999939538421,69.43119981185765
67.00000033679126,69.53378154369807
67.00000033679126,69.45529525510909
65.99999909741787,69.00374939636039
65.00000003882492,68.01921643275698
65.00000003882492,66.76338783816347
64.00000098023199,65.67732427889914
64.00000098023199,65.45265373404496
62.999999740858584,65.65963814940602
62.999999740858584,66.07007411579045
62.00000068226564,66.52739904274591
62.00000068226564,66.86839895943118
62.00000068226564,66.85807732553587
62.999999740858584,66.4217380489025
62.999999740858584,65.71855847574938
64.00000098023199,64.8208205742699
64.00000098023199,63.9129485860143
64.00000098023199,62.87596567167864
64.00000098023199,61.8556809932898
64.00000098023199,61.01259999236341
64.00000098023199,60.274122306759566
64.00000098023199,59.51890931194117
62.999999740858584,58.91834418233528
62.999999740858584,58.4681264188839
62.00000068226564,58.24580457458018
62.00000068226564,58.12976960811055
62.00000068226564,58.10223507408098
62.00000068226564,58.08122543517389
62.00000068226564,58.13032788790713
62.00000068226564,58.29402163044853
62.00000068226564,58.718344806772784
60.999999442892246,59.18355325507442
59.99999820351885,59.50354789441351
59.000001325706364,59.76223643359107
56.99999884695957,59.85040974896282
56.000001969147085,59.76729584424754
55.00000072977369,59.323201712314855
53.99999949040029,58.46260468277089
52.999998251026895,57.321018453112686
52.999998251026895,56.02971728363203
52.999998251026895,54.73669765915255
52.999998251026895,53.661411516898674
53.99999949040029,52.853393104133815
53.99999949040029,52.32212881583885
55.00000072977369,52.02096739651239
55.00000072977369,51.98101986013082
56.000001969147085,52.33440224824171
56.99999884695957,53.06076787919639
58.00000008633297,54.14449800337348
59.000001325706364,55.56259847165149
59.99999820351885,57.0793181936825
59.99999820351885,58.33727086843954
60.999999442892246,59.42617816541769
60.999999442892246,60.402583360263925
60.999999442892246,61.40566822320122
60.999999442892246,61.8310163663395
59.99999820351885,61.954317693286434
59.99999820351885,61.84039154151716
59.99999820351885,61.49866978650117
59.99999820351885,61.00682964727849
59.99999820351885,60.47132156021736
60.999999442892246,59.92060907182136
60.999999442892246,59.37727634448635
62.00000068226564,58.85241046604745
62.00000068226564,58.45341051237102
62.00000068226564,58.280814824010776
62.999999740858584,58.514385133903325
62.999999740858584,58.96311996664505
62.999999740858584,59.55532398398503
62.999999740858584,60.344666192930056
62.999999740858584,61.5481974914232
62.999999740858584,63.02549088360147
62.999999740858584,64.68046336338148
62.999999740858584,66.42490672290415
62.999999740858584,68.16114816713419
64.00000098023199,69.70705327399948
64.00000098023199,70.93264316679875
64.00000098023199,71.80144429241585
65.00000003882492,72.48810663439997
65.99999909741787,72.78863126583346
67.00000033679126,72.97880404466403
67.99999939538421,73.26296409956038
69.0000006347576,73.69314485218777
69.99999969335055,74.25847293119571
71.00000093272394,74.89120021095746
72.99999904990983,75.5989201690187
74.00000028928322,76.32883611055473
76.00000058724956,77.13630932820575
76.99999964584251,78.12675002606278
78.99999994380883,79.38248048553581
82.00000039075834,81.244797209452
83.99999959833445,83.4488356883842
85.99999989630079,85.49074840592239
87.00000004528397,87.43418580121765
88.00000019426713,89.49463024587052
89.99999994703836,91.66704686300466
91.00000009602152,94.00042988412319
92.0000002450047,96.43929861885601
92.0000002450047,98.63660584631513
92.99999984879275,100.39779869012534
92.99999984879275,101.65996681350263
93.99999999777592,102.76395856889062
94.99999987416153,104.04688663181284
96.9999999676797,105.26552637730083
97.99999999740145,106.31169582930477
97.99999999740145,106.6965774103131
99.99999993758348,106.88613411866503
102.00000009925104,107.64130840463034
106.00000014998861,109.31647491142711
109.000000051743,111.94520293780006
113.99999970626862,115.35295808156411
118.0000003022013,118.89416826607531
120.99999965876057,121.76379184389042
122.00000089813398,123.44863665434815
120.99999965876057,123.51189455301723
120.00000060016764,121.97354803121027
118.0000003022013,119.31307874530933
116.00000000423496,116.30662209782167
113.99999970626862,113.67785481740053
112.00000049869251,111.70288987906191
110.00000020072618,110.30289425012442
107.99999990275984,109.38339870204167
106.99999975377666,108.67154834579797
106.00000014998861,107.92846267109192
103.99999985202227,106.94331745337566
103.00000024823422,105.5209579208683
100.99999995026788,103.54112220938259
99.99999993758348,101.75283862036548
100.99999995026788,100.45143416763264
102.00000009925104,99.71672541585079
102.00000009925104,99.68006622379838
100.99999995026788,100.16848744446214
99.00000006119788,101.08715266038651
97.99999999740145,102.26587812639487
94.99999987416153,103.50801578128953
92.0000002450047,104.38824528688302
89.99999994703836,104.55130333192167
88.99999979805519,103.72337384840412
87.00000004528397,101.75834781699088
88.00000019426713,100.09077315215437
88.99999979805519,98.36993946703669
89.99999994703836,96.57560475745103
89.99999994703836,94.99326098995687
91.00000009602152,93.8602027022694
91.00000009602152,93.2779787540859
92.0000002450047,93.02185290454095
92.0000002450047,92.9200611604205
92.99999984879275,92.8443853526434
92.99999984879275,92.71095593606658
93.99999999777592,92.88099029778199
94.99999987416153,93.72991306435323
93.99999999777592,93.52655883065768
93.99999999777592,93.75406820646963
96.00000002314471,95.14535952281703
96.9999999676797,97.5693490651004
99.00000006119788,100.27353945536338
99.00000006119788,102.67252335115273
99.99999993758348,104.57152570908438
99.99999993758348,106.18550605864468
100.99999995026788,107.79390633621479
103.00000024823422,109.28972109680056
106.00000014998861,110.65454509855374
107.99999990275984,111.60782965901208
107.99999990275984,111.76632660172834
107.99999990275984,111.51462092156888
109.000000051743,111.39367047595283
110.00000020072618,111.74997074831302
111.00000034970934,112.57023860489572
112.00000049869251,113.76045187714789
112.99999955728545,115.1816163419657
113.99999970626862,116.655389954489
113.99999970626862,118.05941784648846
114.99999985525179,119.45145362676382
116.00000000423496,120.9464811256052
116.9999990628279,122.61413920529412
118.99999936079423,123.46217930097603
120.00000060016764,124.31462457317781
120.99999965876057,125.59862448969386
122.00000089813398,127.31071160960015
122.99999995672691,129.02916224687522
123.99999901531986,130.06756266850687
123.99999901531986,130.39142383159333
125.00000025469325,130.3479172615086
125.00000025469325,130.30054416767646
125.9999993132862,130.5294519689554
127.99999961125253,131.08683328398396
129.00000085062592,131.8205350603905
134.9999995637445,133.87451185540786
139.00000015967717,135.90241087773984
141.99999951623644,137.59788917369798
143.00000075560985,139.28615780947064
144.99999887279574,141.1993652260935
146.00000011216912,143.36395556736838
147.00000135154252,145.56365647397485
147.99999822935501,147.67791876390058
148.9999994687284,149.60183381255933
150.0000007081018,151.32372572139298
150.0000007081018,152.57069162421584
150.0000007081018,153.07865209256465
150.0000007081018,152.9170562608213
150.0000007081018,152.09762364315304
148.9999994687284,150.45355942721082
144.00000199498322,148.022870254771
140.00000139905057,144.73444523674465
136.00000080311787,140.8828947279703
132.99999926577814,136.7617212468151
129.99999990921887,132.7319704439102
127.0000005526596,129.31458497365523
123.99999901531986,126.77040362475674
122.00000089813398,125.10750400802145
120.99999965876057,124.09971738242237
114.99999985525179,123.42987540009055
111.00000034970934,122.24866220877772
109.000000051743,120.34744254231808
106.99999975377666,118.23050007321268
105.00000000100545,116.19529761713567
103.00000024823422,114.36372989764027
100.99999995026788,112.63039761453771
99.00000006119788,110.81999873092263
96.9999999676797,108.77474287694635
94.99999987416153,106.25997971119575
93.99999999777592,103.27404311740297
92.99999984879275,100.16661578963631
89.99999994703836,97.12751687954567
88.00000019426713,95.16159625109998
88.99999979805519,94.69165469141751
91.00000009602152,95.73359561011846
94.99999987416153,98.17339949077031
99.99999993758348,101.71924914940156
105.00000000100545,105.9647805456343
110.00000020072618,110.27733768396789
112.99999955728545,113.76300339028067
113.99999970626862,115.86342862821706
112.99999955728545,116.47298075407956
111.00000034970934,115.5126544535308
109.000000051743,113.32660305179455
106.99999975377666,110.49295798993224
106.00000014998861,107.91168592704872
105.00000000100545,106.00067728232
